Unnamed: 0,id,title,sourceUrl,addTime
161,145b924d08904d6a9bd0c7059ba5f36d,来了，成电早新闻（2023.12.31),http://mp.weixin.qq.com/s?__biz=MzIyMzgxMTI0Ng==&mid=2247548455&idx=1&sn=242cf9cb45176e90b33c6f8272b7d8ea&chksm=e81afde6df6d74f06b8d1ecc20ea1e580055a11da535c4f7b370fc292bb5ecf7df2c40bd32c7#rd,2023-12-31T07:00:10
165,c16f584ae3434d9c960608b2b1ea7087,来了，成电早新闻（2023.12.30),http://mp.weixin.qq.com/s?__biz=MzIyMzgxMTI0Ng==&mid=2247548434&idx=1&sn=71592c5f601934d90d0fd61a590b4e32&chksm=e81afdd3df6d74c53fda547fca93cc0e017939fd2e79e3b3b9b264791f16f6bca13ff45a2201#rd,2023-12-30T07:00:10
174,aeb9ddecec2e4cb7aa90a9808bb7e68a,来了，成电早新闻（2023.12.29),http://mp.weixin.qq.com/s?__biz=MzIyMzgxMTI0Ng==&mid=2247548383&idx=1&sn=d38585da2037e5c60601e43c70006f61&chksm=e81afe1edf6d77084ecec580ed0f05eb4780410d20fa8a77fc9ba6b3f3697e000c0cddd7e630#rd,2023-12-29T07:00:10
184,78cd1fc7a0ee478a8c1cbda4ac8120a6,来了，成电早新闻（2023.12.28),http://mp.weixin.qq.com/s?__biz=MzIyMzgxMTI0Ng==&mid=2247548318&idx=1&sn=c94379ae6f1f822f76feeccb60e9d953&chksm=e81afe5fdf6d7749f2a37bc8ccd9c01ba9a8637ef7a7a62822f9500f7a268c14ea44a4a1688b#rd,2023-12-28T07:00:10
192,05096b6a32b14e6f9c8f9d24d9a4f891,来了，成电早新闻（2023.12.27),http://mp.weixin.qq.com/s?__biz=MzIyMzgxMTI0Ng==&mid=2247548270&idx=1&sn=af8936fa70764f52f3f6d7ea3682526a&chksm=e81afeafdf6d77b904338705d2ba113f8837dddd10bec8b8e7a7f3986ff3891769a3274696d6#rd,2023-12-27T07:00:10
200,baa929aa8c4140769111eb0931d42edb,来了，成电早新闻（2023.12.26),http://mp.weixin.qq.com/s?__biz=MzIyMzgxMTI0Ng==&mid=2247548219&idx=1&sn=2bcd8c775c436dc123cc38f8d700bd6c&chksm=e81afefadf6d77ececc503ddd9aceb56dd9f440f4f99d28ff6cccdbae05c326640bfd69ebbcb#rd,2023-12-26T07:00:10
213,8239e2500b464d31843c24be631ddbac,来了，成电早新闻（2023.12.25),http://mp.weixin.qq.com/s?__biz=MzIyMzgxMTI0Ng==&mid=2247548167&idx=1&sn=456685b42be9a33265f65a40f8503d43&chksm=e81afec6df6d77d093eef471288fb6137eb780e1c6be749d53a9ee7ee679b4cc2219deaa9765#rd,2023-12-25T07:00:10
217,7e3614cdf0d045f08522314779cc17d9,来了，成电早新闻（2023.12.24),http://mp.weixin.qq.com/s?__biz=MzIyMzgxMTI0Ng==&mid=2247548139&idx=1&sn=924bccf82bde5a0802d0c9bc0ef1f8a1&chksm=e81aff2adf6d763cd220a4f009024a58b9c33445029192fb492efdbf5d2685251bd9f88c70ba#rd,2023-12-24T07:00:10
221,0d44780a5ab443568406573d4d7d917b,来了，成电早新闻（2023.12.23),http://mp.weixin.qq.com/s?__biz=MzIyMzgxMTI0Ng==&mid=2247548112&idx=1&sn=a2fe5005ee58c268ffdf7e496f4c74c3&chksm=e81aff11df6d760701c44206d1935f35fc8f1c0485b0fb5b1df75ad6d9b47518e87fd0a63425#rd,2023-12-23T07:00:10
229,afcd269529c546d0a2c0af3b273154b6,来了，成电早新闻（2023.12.22),http://mp.weixin.qq.com/s?__biz=MzIyMzgxMTI0Ng==&mid=2247548081&idx=1&sn=f80062f2b02ebead998a592aeb5661d1&chksm=e81aff70df6d766679be1592d27a2b235d8d11ed9d80ab8ea11cb7f5808f11b8a94d16a551e4#rd,2023-12-22T07:00:10
235,3b5295b8b1ec434c822ec8f0d7480616,来了，成电早新闻（2023.12.21),http://mp.weixin.qq.com/s?__biz=MzIyMzgxMTI0Ng==&mid=2247548042&idx=1&sn=afaacd7869134832b876ceec178591ae&chksm=e81aff4bdf6d765d614c2d19ceb627f31c4a0961b222fa2d37f6adb5091a95034aa23ffe4ac4#rd,2023-12-21T07:00:10
240,c530e65fa31942268cf7a2f3cdad7b3f,来了，成电早新闻（2023.12.20),http://mp.weixin.qq.com/s?__biz=MzIyMzgxMTI0Ng==&mid=2247548008&idx=1&sn=15b03a4e875a03cac08ba7da76f8d34c&chksm=e81affa9df6d76bfa8889773c66211da382260372d88a28d645626a15ac2e7ae1b1d5d61b345#rd,2023-12-20T07:00:10
255,29d89ea6f7eb41ec85512b64bb71b81d,来了，成电早新闻（2023.12.19),http://mp.weixin.qq.com/s?__biz=MzIyMzgxMTI0Ng==&mid=2247547929&idx=1&sn=5eaf042af3bb04e67de2b4bcd62ce478&chksm=e81affd8df6d76ce626ac3a2953d74b86c7408404bed283ede7d2406d7f07809866d90bdc454#rd,2023-12-19T07:00:10
263,6510f6eced1945fd8aabed5a101fb2da,来了，成电早新闻（2023.12.18),http://mp.weixin.qq.com/s?__biz=MzIyMzgxMTI0Ng==&mid=2247547887&idx=1&sn=bbf12f813be898fdbd849aee59004351&chksm=e81af82edf6d7138a707f9f79c20964beabfce4c79ae25b129f72c28b0701f9a5d3788a22f30#rd,2023-12-18T07:00:10
272,8959651716f044f09a482393f886c21a,来了，成电早新闻（2023.12.17),http://mp.weixin.qq.com/s?__biz=MzIyMzgxMTI0Ng==&mid=2247547848&idx=1&sn=debaa07bb59d6d024741a60b092e1746&chksm=e81af809df6d711f07dc8049e0a37f881c76c5902073f6d26be1e5ef049b0ace21d3672b33ba#rd,2023-12-17T07:00:10
277,d6da1b75e1b44ea5849219acc9e00005,来了，成电早新闻（2023.12.16),http://mp.weixin.qq.com/s?__biz=MzIyMzgxMTI0Ng==&mid=2247547805&idx=1&sn=c7b3dd6873d411d7197bbca585c8381a&chksm=e81af85cdf6d714a22c615b55a3e897df5c0c726877d724593a8b53f283fa2b88feba2fbcb89#rd,2023-12-16T07:00:10
281,e437537fafe84303ba8373bf35380052,来了，成电早新闻（2023.12.15),http://mp.weixin.qq.com/s?__biz=MzIyMzgxMTI0Ng==&mid=2247547732&idx=1&sn=67223de7f0f3fcfe17bddfc7e8de3b9f&chksm=e81af895df6d7183ad05f9b067bc5ddf14f0fc5401bf9014c6f48888cd15487ffd39e7660d2e#rd,2023-12-15T07:00:10
289,86ce4772db2c4e8592eb116a30c317b5,来了，成电早新闻（2023.12.14),http://mp.weixin.qq.com/s?__biz=MzIyMzgxMTI0Ng==&mid=2247547689&idx=1&sn=5db0cb249f9569331cd7fad2b49d444a&chksm=e81af8e8df6d71fe8d053d09825028985ced7e847c67e490d82ff192e95faf0bf8606c10f550#rd,2023-12-14T07:00:10
299,a2be9cc4a7a545d99292cffc630ed1fe,来了，成电早新闻（2023.12.13),http://mp.weixin.qq.com/s?__biz=MzIyMzgxMTI0Ng==&mid=2247547648&idx=1&sn=45c1e2f1ec276d5a84ead59cd78d5a10&chksm=e81af8c1df6d71d7aabe5d40489513c95922ebf1aac9d9ebbe22b045c837096e52c4bdeda2fc#rd,2023-12-13T07:00:10
311,f7c485d2d4c747679fc5792b9d2326e5,来了，成电早新闻（2023.12.12),http://mp.weixin.qq.com/s?__biz=MzIyMzgxMTI0Ng==&mid=2247547619&idx=1&sn=d2b4238cb0daa900ddaf146617cbcc72&chksm=e81af922df6d7034fbfa31f00295c899f0dac573117e9ae129756bdf0a65711be4dcf6dcca11#rd,2023-12-12T07:00:10
322,9ec865f8108243e398a731b435102588,来了，成电早新闻（2023.12.11),http://mp.weixin.qq.com/s?__biz=MzIyMzgxMTI0Ng==&mid=2247547560&idx=1&sn=775747f932933ae5a2a12a89210cc847&chksm=e81af969df6d707f6806c67ac7b8b86df5ff9907b5975dd567f33b80ae82645c8cc173029379#rd,2023-12-11T07:00:10
333,988cfe6f4574402f8de01f2f8dade6b9,来了，成电早新闻（2023.12.10),http://mp.weixin.qq.com/s?__biz=MzIyMzgxMTI0Ng==&mid=2247547545&idx=1&sn=e7ecae175efe8c60838be56c75c5132d&chksm=e81af958df6d704eaa5e936a67f5b0bcff4e11e03e79b3325870061a65feb9654525a9088b47#rd,2023-12-10T07:00:10
339,57443296299544e4a4dba7286216deaf,来了，成电早新闻（2023.12.9),http://mp.weixin.qq.com/s?__biz=MzIyMzgxMTI0Ng==&mid=2247547470&idx=1&sn=119cc238085948631d828468daa2ee84&chksm=e81af98fdf6d709922ffc4ffa01067380fe460492dc0f99693ec5ab141f77cdf1f9feb31a9dc#rd,2023-12-09T07:00:10
345,282de751356c4f17826f0a85ae09a349,来了，成电早新闻（2023.12.8),http://mp.weixin.qq.com/s?__biz=MzIyMzgxMTI0Ng==&mid=2247547427&idx=1&sn=b74017be186e83670dbf7db412c7ca31&chksm=e81af9e2df6d70f4c32a924fb5e51685a9b89da70371c83d43566cf581acbcd99fe8a9aff866#rd,2023-12-08T07:00:10
355,2d1f9e8570c84a29b658055a2d1b7944,来了，成电早新闻（2023.12.7),http://mp.weixin.qq.com/s?__biz=MzIyMzgxMTI0Ng==&mid=2247547402&idx=1&sn=c611e6de5a33d0edfcb6db0b62a236d8&chksm=e81af9cbdf6d70dd8e494f82da9d316b3d706cf1253b99092f9f654c4bb5c116e394b27ee27f#rd,2023-12-07T07:00:10
361,c121f219d18a4e259f91d138a679be05,来了，成电早新闻（2023.12.6),http://mp.weixin.qq.com/s?__biz=MzIyMzgxMTI0Ng==&mid=2247547378&idx=1&sn=bce05989068925f37d989bac09306f11&chksm=e81afa33df6d7325a9f1de71b956256f7b72d445f85611d8bae8f30f1cc787d25f3c51ef0a9c#rd,2023-12-06T07:00:10
370,254993dec03343858ee4d087e0792257,来了，成电早新闻（2023.12.5),http://mp.weixin.qq.com/s?__biz=MzIyMzgxMTI0Ng==&mid=2247547354&idx=1&sn=3d165d0b6ba84f1538a216e41e73f31c&chksm=e81afa1bdf6d730da37f5ed38afb7fb6f370dfb224ebe9a3e0c30ab1179503f387ea5bc42950#rd,2023-12-05T07:00:10
377,53822510756b477898a67e3b8b5230ce,来了，成电早新闻（2023.12.4),http://mp.weixin.qq.com/s?__biz=MzIyMzgxMTI0Ng==&mid=2247547317&idx=1&sn=d578d91bee77d286d8fa7b529fcaca04&chksm=e81afa74df6d736211bc7fd8bceb224145027722560f7633290810e4aa9cea655c061d48f649#rd,2023-12-04T07:00:10
385,5c321040803b470e87514f58368642ee,来了，成电早新闻（2023.12.3),http://mp.weixin.qq.com/s?__biz=MzIyMzgxMTI0Ng==&mid=2247547283&idx=1&sn=322c37e4c03700df553f68546c35dccc&chksm=e81afa52df6d73446dfa815808f187174d7b67157fd5be9e8fa46e8c3ced05dadb29bd61a32b#rd,2023-12-03T07:00:10
394,4e31fa73e7734490b1bc5a73d53faa98,来了，成电早新闻（2023.12.2),http://mp.weixin.qq.com/s?__biz=MzIyMzgxMTI0Ng==&mid=2247547244&idx=1&sn=8f913face1d7127af7fb6d140d5e79f2&chksm=e81afaaddf6d73bb56710bb539175c0a9e59f68f1438eb8a890bd6b5aadc67f6365cf74ce7b9#rd,2023-12-02T07:00:10
399,5e6bf7e7ca844184954ff6329b38ffe2,来了，成电早新闻（2023.12.1),http://mp.weixin.qq.com/s?__biz=MzIyMzgxMTI0Ng==&mid=2247547193&idx=1&sn=74680f7449d1386bde8d4ab6eaececcc&chksm=e81afaf8df6d73ee0d827aa2d2f9c6bfe24129b4a2f314909b79d768f271fe342a44af20c7bd#rd,2023-12-01T07:00:10
414,ca6aeaf34d6e4e19a833faae7b1666f1,来了，成电早新闻（2023.11.30),http://mp.weixin.qq.com/s?__biz=MzIyMzgxMTI0Ng==&mid=2247547137&idx=1&sn=b38a7881078feb14c5cce924ade48176&chksm=e81afac0df6d73d6095c77ce151d3d4967b3b98986b3d39c047f2263288dd303afc6fda5777b#rd,2023-11-30T07:00:10
424,1706e8e69a674d9ab8c6278cd805218c,来了，成电早新闻（2023.11.29),http://mp.weixin.qq.com/s?__biz=MzIyMzgxMTI0Ng==&mid=2247547077&idx=1&sn=4568d57774bb97d45b095dff831369f6&chksm=e81afb04df6d7212477944410b63f1e88c9db793bb8a0a1ece438fb161ddcddea37d802d364e#rd,2023-11-29T07:00:10
440,8bd3d8fed10346e0b41dea88ba0dbe9c,来了，成电早新闻（2023.11.28),http://mp.weixin.qq.com/s?__biz=MzIyMzgxMTI0Ng==&mid=2247547033&idx=1&sn=17e710b178bc70a196abe446eb865d81&chksm=e81afb58df6d724e27b18723996eb55af6f090cad179769093fb5ab3b6ec14eb53ec4d0347f5#rd,2023-11-28T07:00:10
450,9c19f426cdea44bba60d2ad07f7c18ed,来了，成电早新闻（2023.11.27),http://mp.weixin.qq.com/s?__biz=MzIyMzgxMTI0Ng==&mid=2247546996&idx=1&sn=c0d725aca7b328057843644f1600a408&chksm=e81afbb5df6d72a3cc02f023e75d476d5f0e7dff8b44bb0f85093e7bf08284198ba9f01eb401#rd,2023-11-27T07:00:10
459,98e83c564a0f4a299756c9235d558059,来了，成电早新闻（2023.11.26),http://mp.weixin.qq.com/s?__biz=MzIyMzgxMTI0Ng==&mid=2247546971&idx=1&sn=a3d88e38794ad6b52086b89103c316c5&chksm=e81afb9adf6d728ccf1ca72fd8ee71f592b66c54421358c69fcefa8fb9697a04ff8d96f90afe#rd,2023-11-26T07:00:10
464,36c7b0ab60e34d93ac897b67462a0d97,来了，成电早新闻（2023.11.25),http://mp.weixin.qq.com/s?__biz=MzIyMzgxMTI0Ng==&mid=2247546910&idx=1&sn=04d74a6cda7232903da468a76560b78f&chksm=e81afbdfdf6d72c962b25e952740d44392297a937c4290f043e5498f8febb2edc9feb29492b2#rd,2023-11-25T07:00:10
477,11526b39f07a49459b43e177dd97c79d,来了，成电早新闻（2023.11.24),http://mp.weixin.qq.com/s?__biz=MzIyMzgxMTI0Ng==&mid=2247546832&idx=1&sn=c93d17442630471706e453f720263cf8&chksm=e81af411df6d7d07dc989aa46f2c8ab754aeb6be22b1a806b205dc68c92e7920f76f50308971#rd,2023-11-24T07:00:10
489,418c4c6e60114c7b871de50327bf84d7,来了，成电早新闻（2023.11.23),http://mp.weixin.qq.com/s?__biz=MzIyMzgxMTI0Ng==&mid=2247546763&idx=1&sn=8531dd5e8bb43eaff07e277e49541a6c&chksm=e81af44adf6d7d5c23922e365d2fb1b4f72c7a2c7ceb7641b666cdf3c9300400265bb494941b#rd,2023-11-23T07:00:10
502,73deca30dc3546d6aeb95bc3b6cfa78b,来了，成电早新闻（2023.11.22),http://mp.weixin.qq.com/s?__biz=MzIyMzgxMTI0Ng==&mid=2247546713&idx=1&sn=4e29deaff4b3f6e95949b5a3c8ea71d2&chksm=e81af498df6d7d8e4e37718285bb24bd8465d32ef110b4b654d7145f372c00c1f32e0bee9af8#rd,2023-11-22T07:00:10
511,3d3796fceacf4f59a5983b3f25e47fc5,来了，成电早新闻（2023.11.21),http://mp.weixin.qq.com/s?__biz=MzIyMzgxMTI0Ng==&mid=2247546672&idx=1&sn=af083bb302fb1072e93579f55aa9a470&chksm=e81af4f1df6d7de70404a7db943183bc595f6c034642f87b6608062c63b5f5a2f9a3fe3fb025#rd,2023-11-21T07:00:10
520,b9c3b774392543cba5f51ca43002ab2d,来了，成电早新闻（2023.11.20),http://mp.weixin.qq.com/s?__biz=MzIyMzgxMTI0Ng==&mid=2247546574&idx=1&sn=ee75b24ae98fe59d54cdc8a2475ee1f5&chksm=e81af50fdf6d7c1935e97eecb2ec5af5ab1107540c5c6fb286ca874049b3926a7b5da439d59b#rd,2023-11-20T07:00:10
529,2dc8b1e862d84a1cb61742a2eb47bc08,来了，成电早新闻（2023.11.19),http://mp.weixin.qq.com/s?__biz=MzIyMzgxMTI0Ng==&mid=2247546534&idx=1&sn=526e77179d19740b9f09b7ba71b6f4ea&chksm=e81af567df6d7c71098c47b388737f1050ca7c024574360fe60ac123a70b89188cd1e5155b17#rd,2023-11-19T07:00:10
534,e680bd8a0b1043ca93635db912532378,来了，成电早新闻（2023.11.18),http://mp.weixin.qq.com/s?__biz=MzIyMzgxMTI0Ng==&mid=2247546497&idx=1&sn=06b5a9ffa6cc64f75decec0f18ee1d29&chksm=e81af540df6d7c5609248ad2ea0a43907c25c032ced2e1b6acfec8307b001530dbe845c7f77f#rd,2023-11-18T07:00:10
543,ad85c00ca2444a6da77b96332691b9da,来了，成电早新闻（2023.11.17),http://mp.weixin.qq.com/s?__biz=MzIyMzgxMTI0Ng==&mid=2247546453&idx=1&sn=5e026e0a31ca548e43f95acacb50cf1a&chksm=e81af594df6d7c82edad3d1ead8a93462e5ee6f6b3e38644aaf57be52cd4e04cec7fc3a17c40#rd,2023-11-17T07:00:10
553,4f8ac822c4224c6aa5beb4941d5bcdb4,来了，成电早新闻（2023.11.16),http://mp.weixin.qq.com/s?__biz=MzIyMzgxMTI0Ng==&mid=2247546386&idx=1&sn=d9ae03c9fd83c7fa3b8b14fa2446e752&chksm=e81af5d3df6d7cc5f50bf14462274c2237157657e324f6475377608f9a61e997e6ccff273d5a#rd,2023-11-16T07:00:10
561,00ac85347a2e4c6c8f4eebd26e073aa3,来了，成电早新闻（2023.11.15),http://mp.weixin.qq.com/s?__biz=MzIyMzgxMTI0Ng==&mid=2247546341&idx=1&sn=6a306656c3911db80cefd846d046d466&chksm=e81af624df6d7f32aa16e4afdfd28be09bf42ed8d1e6a32abfd60e8ae6c7e27f9ce449c25f1e#rd,2023-11-15T07:00:10
572,a92b6a5576e745979295eb8f53a8367d,来了，成电早新闻（2023.11.14),http://mp.weixin.qq.com/s?__biz=MzIyMzgxMTI0Ng==&mid=2247546290&idx=1&sn=03da164d4ce2df626b51b63ee2ad22f5&chksm=e81af673df6d7f65317543e8bf9c4c931c0ea2f5c756197d7e75c9d9b840927eafb9bfc66083#rd,2023-11-14T07:00:10
583,fd3667b04fc64533b9fac07e299f656b,来了，成电早新闻（2023.11.13),http://mp.weixin.qq.com/s?__biz=MzIyMzgxMTI0Ng==&mid=2247546247&idx=1&sn=a3fa6c36a11ee082ceaa6f5a0140e372&chksm=e81af646df6d7f50984487efacf266d9e24fefb96c8717198024be2dc176edfd9cf64acfee4f#rd,2023-11-13T07:00:10
587,c44963447e9b42959ebeab223011e905,来了，成电早新闻（2023.11.12),http://mp.weixin.qq.com/s?__biz=MzIyMzgxMTI0Ng==&mid=2247546230&idx=1&sn=942976399ed33245d5ec9929df64d4df&chksm=e81af6b7df6d7fa199b62655ace3d3908c693101bb6dc37bb3ae4f55e651d7264f1eecb7d712#rd,2023-11-12T07:00:10
591,39ea957145c34ffbbb790e8c849b1e59,来了，成电早新闻（2023.11.11),http://mp.weixin.qq.com/s?__biz=MzIyMzgxMTI0Ng==&mid=2247546181&idx=1&sn=20537aeebf14fce805fbf8419d13d621&chksm=e81af684df6d7f923880186c54aea152e5f95947488994af08b9fdf51bed10dc212aa16f1da1#rd,2023-11-11T07:00:10
597,e5645c77ebd64283857f4c7585e4e0bf,来了，成电早新闻（2023.11.10),http://mp.weixin.qq.com/s?__biz=MzIyMzgxMTI0Ng==&mid=2247546137&idx=1&sn=4a4ad2ceb5932e86541c3e44f02d73dc&chksm=e81af6d8df6d7fce66180563b6ec210b8135d6c309f1cc0655428f7406f745f66f29c3029b7c#rd,2023-11-10T07:00:10
610,9ca4acbd694344539ff2616a4229e6f4,来了，成电早新闻（2023.11.9),http://mp.weixin.qq.com/s?__biz=MzIyMzgxMTI0Ng==&mid=2247546098&idx=1&sn=48796c0f5e4bc97dc2efdf005c2ef034&chksm=e81af733df6d7e25874d7b23b093f42b17eaa32ce80805a958bd9490a1757f4d76a0072ccb66#rd,2023-11-09T07:00:10
618,d566307e2cb541ecb87cc1d45d500afd,来了，成电早新闻（2023.11.8),http://mp.weixin.qq.com/s?__biz=MzIyMzgxMTI0Ng==&mid=2247546043&idx=1&sn=55cc03e69f58707f6ef2acd2a8adda95&chksm=e81af77adf6d7e6c7fd5b65264b1df162923e374e161ab4de2829aa55fb3bf0d3f21e9e604ee#rd,2023-11-08T07:00:10
630,4154af5cf282451fa53d20da1c7a784c,来了，成电早新闻（2023.11.7),http://mp.weixin.qq.com/s?__biz=MzIyMzgxMTI0Ng==&mid=2247545917&idx=1&sn=553ef7f51c9c7ab85b0bb4be30595d18&chksm=e81af7fcdf6d7eeaebdb8f20aee37eb6dbcf3f6bb135feb613f9b48da0d922c274f34b4a7154#rd,2023-11-07T07:00:10
639,bb15ab3297d94789b56e7a36c20a3ee1,来了，成电早新闻（2023.11.6),http://mp.weixin.qq.com/s?__biz=MzIyMzgxMTI0Ng==&mid=2247545825&idx=1&sn=f0a089498e77ba38bfc0fa40359e95e1&chksm=e81af020df6d7936c49c35e71e8a5c2288c2276deec048749a4957a637322d7bb280c0b66243#rd,2023-11-06T07:00:10
645,cc5ad26ae667440da75d1d054fa1bb43,来了，成电早新闻（2023.11.5),http://mp.weixin.qq.com/s?__biz=MzIyMzgxMTI0Ng==&mid=2247545791&idx=1&sn=13ece54c33c4cd1e7a739467ce42bbe0&chksm=e81af07edf6d796812d25dec3bf0a7c4d7b3e3dd3b340dd11e5480d7c18b79c318d0a5f4b1c1#rd,2023-11-05T07:00:10
650,fe052d4f87124ba0ab45cbcb35367880,来了，成电早新闻（2023.11.4),http://mp.weixin.qq.com/s?__biz=MzIyMzgxMTI0Ng==&mid=2247545761&idx=1&sn=ab53aee454731d52ae933e2644771f52&chksm=e81af060df6d7976eb417b4da126a00c7b3f65d2a4eef2d15681d5375ef8007e101e454e7b1f#rd,2023-11-04T07:00:10
659,b61d4a0d738646179ef6bd3e728c7721,来了，成电早新闻（2023.11.3),http://mp.weixin.qq.com/s?__biz=MzIyMzgxMTI0Ng==&mid=2247545696&idx=1&sn=10fae341cdfb7dbb8a6b71da1f2875b0&chksm=e81af0a1df6d79b7a68c281cb13f65c4aebddcb2e90d918b32bb7b860ad1c6978b8f39d3987c#rd,2023-11-03T07:00:10
667,f917c22dceec4912a5e0bf4032844e34,来了，成电早新闻（2023.11.2),http://mp.weixin.qq.com/s?__biz=MzIyMzgxMTI0Ng==&mid=2247545637&idx=1&sn=71ad0f169438427fe0504a5d135e0298&chksm=e81af0e4df6d79f2138b1238bda81d76d675b7999d07b144ded80d824bcc607e3409ad0bb61a#rd,2023-11-02T07:00:10
677,aafc312ccef24bbcaefb40a3bbdc3f49,来了，成电早新闻（2023.11.1),http://mp.weixin.qq.com/s?__biz=MzIyMzgxMTI0Ng==&mid=2247545580&idx=1&sn=2b610f092f5f6b9035e51caaedb61a48&chksm=e81af12ddf6d783b16128b83dc2bfb4634e5a54ca826b9d6b648a384eaece40517b110b55cb2#rd,2023-11-01T07:00:10
685,539740dc956c47dea0cf381c6a322012,来了，成电早新闻（2023.10.31),http://mp.weixin.qq.com/s?__biz=MzIyMzgxMTI0Ng==&mid=2247545537&idx=1&sn=a5d191f425847a30b8006c8b76fe37e5&chksm=e81af100df6d7816a82cdab9dca89461e70c543a9b679061e58c4de5d288fe9bf18a71697a4f#rd,2023-10-31T07:00:10
694,d6f5d363c51a4880931c3842ff8784e1,来了，成电早新闻（2023.10.30),http://mp.weixin.qq.com/s?__biz=MzIyMzgxMTI0Ng==&mid=2247545474&idx=1&sn=fde9e7cfecce9914c3357331f07fcb48&chksm=e81af143df6d785530b41d1c7971ec961c45d579be6f02ff1e2cc6c0a270589e687781cbc390#rd,2023-10-30T07:00:10
701,a0187783441e4e7d840c89899549da9b,来了，成电早新闻（2023.10.29),http://mp.weixin.qq.com/s?__biz=MzIyMzgxMTI0Ng==&mid=2247545411&idx=1&sn=87e1a315cc2d7c054e8ced24c9ab8541&chksm=e81af182df6d7894e9d65e5f0f847c0fd581f7cc1fb04cd2806feeefc5b0182ca7779ea0d676#rd,2023-10-29T07:00:10
705,2e625edbc0a642bd8fa60ff104c839cb,来了，成电早新闻（2023.10.28),http://mp.weixin.qq.com/s?__biz=MzIyMzgxMTI0Ng==&mid=2247545368&idx=1&sn=43ef1f2954980f2af1a1f7d2a988f1d5&chksm=e81af1d9df6d78cfc9092dac2af72c09086724a9a81a1d21a5502f0ea3f79aeb2fdc295ad4bc#rd,2023-10-28T07:00:10
710,e46f2c4f320241eb91e3c3c84eb3a182,来了，成电早新闻（2023.10.27),http://mp.weixin.qq.com/s?__biz=MzIyMzgxMTI0Ng==&mid=2247545226&idx=1&sn=9795bbbe80eec630d6995888439d557d&chksm=e81af24bdf6d7b5d0bf299b9b373ec9fa03ab5f5410f2faa1dd167e9ddefa907e232ed2ca952#rd,2023-10-27T07:00:10
722,670a173f1b214c1191aa0f4b31ed51f1,来了，成电早新闻（2023.10.26),http://mp.weixin.qq.com/s?__biz=MzIyMzgxMTI0Ng==&mid=2247545166&idx=1&sn=52c8376063de2396d2246138e2a5dfa0&chksm=e81af28fdf6d7b9927303b7eb2df253147e5d4aafbff4e9ca42a2365f458fdb285e7f0363944#rd,2023-10-26T07:00:10
735,5617bb52893d443883e7d1339531cc74,来了，成电早新闻（2023.10.25),http://mp.weixin.qq.com/s?__biz=MzIyMzgxMTI0Ng==&mid=2247545134&idx=1&sn=18755e694b745505831ef793e62fb9c6&chksm=e81af2efdf6d7bf916ef2ce8bf09ba7a22f8c7c391a786b7fd127eb1c8f461a1357caec43926#rd,2023-10-25T07:00:10
746,3cd2ef419ceb4433a338b829d7b8eeb4,来了，成电早新闻（2023.10.24),http://mp.weixin.qq.com/s?__biz=MzIyMzgxMTI0Ng==&mid=2247545079&idx=1&sn=7e3a913a25a8ce31fe11cc34bd89129a&chksm=e81af336df6d7a20227acff9234d2cba36c31c3ad8296e666952ef3f91b44b6175bf415a829d#rd,2023-10-24T07:00:10
755,adb99f77f5a34a5f8c0724d7baa1695d,来了，成电早新闻（2023.10.23),http://mp.weixin.qq.com/s?__biz=MzIyMzgxMTI0Ng==&mid=2247545026&idx=1&sn=0fe995f92a153c1cb20898fdd32372c7&chksm=e81af303df6d7a15c6c9c52aeb9d855c87a842d386b707320d0d3dc8ceebbf2ca11400a54d14#rd,2023-10-23T07:00:10
761,c323b6980fc34b7dafda7dcc11f5a6dd,来了，成电早新闻（2023.10.22),http://mp.weixin.qq.com/s?__biz=MzIyMzgxMTI0Ng==&mid=2247544905&idx=1&sn=dfed7fe5408c15ae0c22331402372a29&chksm=e81af388df6d7a9e38fc193c7831e3bc4e3f9c45c6e99c031e4ed1e87879c7ccfb7522e0e047#rd,2023-10-22T07:00:10
765,64a980852f1a4784b4d969c08c7fec8d,来了，成电早新闻（2023.10.21),http://mp.weixin.qq.com/s?__biz=MzIyMzgxMTI0Ng==&mid=2247544859&idx=1&sn=3aa687b3b17df234da0336d26f673a7c&chksm=e81af3dadf6d7accbe428c60fd58460068ea25bec1573eb88980f32e354e65879eb37442afa6#rd,2023-10-21T07:00:10
771,f5c6c2f63dbb41328665ed9343e97457,来了，成电早新闻（2023.10.20),http://mp.weixin.qq.com/s?__biz=MzIyMzgxMTI0Ng==&mid=2247544766&idx=1&sn=d7d45edd9067e3284c7905015990df1c&chksm=e81aec7fdf6d65696162d92d016a6faa31e42dcb9c641993566a92a22d24b87eab3ed61ca05e#rd,2023-10-20T07:00:10
784,f402656f40fd4f1eb48d1cee857353ea,来了，成电早新闻（2023.10.19),http://mp.weixin.qq.com/s?__biz=MzIyMzgxMTI0Ng==&mid=2247544724&idx=1&sn=632b2039ab92a63f32172ddc3ba28a36&chksm=e81aec55df6d6543c5b9f2fff51d3f12e4d5f52754d9edb78fd8536ab239e28b32a2a91e6c15#rd,2023-10-19T07:00:10
795,c7a4aab303e746a6bd1deb2c1c8d8cb8,来了，成电早新闻（2023.10.18),http://mp.weixin.qq.com/s?__biz=MzIyMzgxMTI0Ng==&mid=2247544671&idx=1&sn=e2d134080847854f26f9faaa6c70362d&chksm=e81aec9edf6d6588eb350ad12cd9ad0856605dc0e8080b2dd03870fc06a4da38bf37863a4a76#rd,2023-10-18T07:00:10
802,0413f701ea4442b6941d2cfd12a9fe0c,来了，成电早新闻（2023.10.17),http://mp.weixin.qq.com/s?__biz=MzIyMzgxMTI0Ng==&mid=2247544614&idx=1&sn=39230d759c0b2c85d3f4e8b8bbed4787&chksm=e81aece7df6d65f194f885a53018f0d512897cdd806b4d4971b2eedd263bc983575e5eb1dff0#rd,2023-10-17T07:00:10
809,be351750a27949f9ad7704e0ab6aa18d,来了，成电早新闻（2023.10.16),http://mp.weixin.qq.com/s?__biz=MzIyMzgxMTI0Ng==&mid=2247544578&idx=1&sn=2051cda0287942ed268cc9a332be1cda&chksm=e81aecc3df6d65d5c57141bfb1c74715b0ef5a9e094168f9adc0b50001ca6f68a2ab2532b4d7#rd,2023-10-16T07:00:10
812,fb9fe3dcbf9e4e20aa39273bdb085881,来了，成电早新闻（2023.10.15),http://mp.weixin.qq.com/s?__biz=MzIyMzgxMTI0Ng==&mid=2247544529&idx=1&sn=ca7248bea8f38eaefb0c6be4ed4eacc7&chksm=e81aed10df6d640635cfd780bd2769646651268fc22136a840886bbf0e9db4afbe3826c21692#rd,2023-10-15T07:00:10
818,4a906eeba0704ee5a2fa634e4c555f3f,来了，成电早新闻（2023.10.14),http://mp.weixin.qq.com/s?__biz=MzIyMzgxMTI0Ng==&mid=2247544486&idx=1&sn=c4b1e99bf62234ea4f86e42f0f5b86b6&chksm=e81aed67df6d6471153fdf12106efd07c2b968daf661edfb28df83c4dfae074e7b02f1748331#rd,2023-10-14T07:00:10
825,6bc5a429064045d38e0d204f8693a63d,来了，成电早新闻（2023.10.13),http://mp.weixin.qq.com/s?__biz=MzIyMzgxMTI0Ng==&mid=2247544455&idx=1&sn=d8ac1473517ed81018b4931e3955889a&chksm=e81aed46df6d645037bbbbd1b24ac7b88c3906f8270abcd4268fcac92b2a856ae8cf7d5d53a5#rd,2023-10-13T07:00:10
833,2c016e4ad128480cada414ec9910fec0,来了，成电早新闻（2023.10.12),http://mp.weixin.qq.com/s?__biz=MzIyMzgxMTI0Ng==&mid=2247544422&idx=1&sn=13686e42d5ecd893307d25be8d621705&chksm=e81aeda7df6d64b18e41fecbc523ea490c65cc4b591f4149407881942e05332fbe0a74b5ea14#rd,2023-10-12T07:00:10
841,38c6343eb3854348895e0737758551fd,来了，成电早新闻（2023.10.11),http://mp.weixin.qq.com/s?__biz=MzIyMzgxMTI0Ng==&mid=2247544388&idx=1&sn=63bd2ba03070ae499347ee2f1918c6e1&chksm=e81aed85df6d6493ad81e67f9f13e71fd753551f1e2167630ccdbb05c073e45cd6c842d44af9#rd,2023-10-11T07:00:10
848,4c81a8f09ba74e7bb89e426fdcfa1e5c,来了，成电早新闻（2023.10.10),http://mp.weixin.qq.com/s?__biz=MzIyMzgxMTI0Ng==&mid=2247544354&idx=1&sn=cf24eef00828ef813eaf67ac2f4386b6&chksm=e81aede3df6d64f57726b6b461be6764445cb85c6a6501ab2021cf02acef0a113e2cb311b8ba#rd,2023-10-10T07:00:10
856,f9dc125dc9e045ddbe439e9753aff9c2,来了，成电早新闻（2023.10.9),http://mp.weixin.qq.com/s?__biz=MzIyMzgxMTI0Ng==&mid=2247544319&idx=1&sn=667509f2e74f1cb7081420bebe9faac4&chksm=e81aee3edf6d67288c97ce72d58d24a2418c6917f218ba707dbed495fc6c9e52740fdd00e749#rd,2023-10-09T07:00:10
863,5f4af229f0c440668f8fd3754a9178db,来了，成电早新闻（2023.10.8),http://mp.weixin.qq.com/s?__biz=MzIyMzgxMTI0Ng==&mid=2247544241&idx=1&sn=e26b0c5aab03a1784595b91d9d12139b&chksm=e81aee70df6d676664d74230b7aa2454f99cae7167eee64f4a3edf909b0d724c4a5cef78f754#rd,2023-10-08T07:00:10
867,6ed0b4b0f53f49f993d8da287078054c,来了，成电早新闻（2023.10.7),http://mp.weixin.qq.com/s?__biz=MzIyMzgxMTI0Ng==&mid=2247544203&idx=1&sn=8d59f0a8756328f1879cd4b43f018a3d&chksm=e81aee4adf6d675cb0d6a3ee23f425a1ef453fd84e67df5cff17481611ff67db0e4fcb202395#rd,2023-10-07T07:00:10
870,13fc0e848edb4013b847e022a058321c,来了，成电早新闻（2023.10.6),http://mp.weixin.qq.com/s?__biz=MzIyMzgxMTI0Ng==&mid=2247544179&idx=1&sn=343af06725251df6d41ca5ce90955486&chksm=e81aeeb2df6d67a41bb0fd93d6a79bc76880ce84b8fe40c35fc462027c14ca28ac308c8055d5#rd,2023-10-06T07:00:10
872,3d25f3f6a22a4ee3bbb7a26574fe61c9,来了，成电早新闻（2023.10.5),http://mp.weixin.qq.com/s?__biz=MzIyMzgxMTI0Ng==&mid=2247544155&idx=1&sn=26edd4f23c7b92872bd02c0a4b58f673&chksm=e81aee9adf6d678ca300eb2f858064bf6d956708177b2bcb920035b7e4b3fbcf1f66ad928197#rd,2023-10-05T07:00:10
874,689e68e26ee741228565665c5fd58910,来了，成电早新闻（2023.10.4),http://mp.weixin.qq.com/s?__biz=MzIyMzgxMTI0Ng==&mid=2247544132&idx=1&sn=f68c10d37b767cbea6855e1cfbb5f513&chksm=e81aee85df6d6793d8167860650b58a54826ac678db4bea519ea5d0336b47166c98c6f9456b9#rd,2023-10-04T07:00:10
876,3e2de607e9434f888f9e98676ab1f61b,来了，成电早新闻（2023.10.3),http://mp.weixin.qq.com/s?__biz=MzIyMzgxMTI0Ng==&mid=2247544096&idx=1&sn=bae3c711d51e7e503618db8e3c42a35c&chksm=e81aeee1df6d67f70fd5d2a65af4f3c25e828cadf880a5cfe7981996c2e9525f93110be8745a#rd,2023-10-03T07:00:10
879,a83d9fb1080b48aa8e5e36b87c68cc42,来了，成电早新闻（2023.10.2),http://mp.weixin.qq.com/s?__biz=MzIyMzgxMTI0Ng==&mid=2247544066&idx=1&sn=35a1efca60ed921ad84907729cf3c3c0&chksm=e81aeec3df6d67d5c79fc54ad3336761eb892ee6646e8c10e43d57b793320260adfce3d74581#rd,2023-10-02T07:00:10
883,c21a4342a83d4d6591ac74a926d2e219,来了，成电早新闻（2023.10.1),http://mp.weixin.qq.com/s?__biz=MzIyMzgxMTI0Ng==&mid=2247544029&idx=1&sn=660ad729931349d2b7e03afae1239f90&chksm=e81aef1cdf6d660ac1cbbaf380104554345d9624dc578d1df3f84cf8baae918db365eb2953a0#rd,2023-10-01T07:00:10
885,d1f337bf1822440f83805a5f26992c3d,来了，成电早新闻（2023.9.30),http://mp.weixin.qq.com/s?__biz=MzIyMzgxMTI0Ng==&mid=2247544001&idx=1&sn=0ca4c19eabda0989480f8a161c599359&chksm=e81aef00df6d6616c96554894a67dbab2c97b4a8fe74be158ccdbb78e796b943c2b323c969d2#rd,2023-09-30T07:00:10
893,f16c0732f112458fba2736fc50dde32a,来了，成电早新闻（2023.9.29),http://mp.weixin.qq.com/s?__biz=MzIyMzgxMTI0Ng==&mid=2247543972&idx=1&sn=d7de5cca51abcf37cba1a784a41ad338&chksm=e81aef65df6d6673c4c40e7d6379b06555ff87886fe324a0d0fb90a972c856d874a0ade4ab10#rd,2023-09-29T07:00:10
904,e54097a0cdca4ba58b8868f25cc90b4c,来了，成电早新闻（2023.9.28),http://mp.weixin.qq.com/s?__biz=MzIyMzgxMTI0Ng==&mid=2247543528&idx=1&sn=6c1ef8a7745b9aa0fd136de254333fd6&chksm=e81ae929df6d603fd59e8ebcf2f7240ee1d0b580e2ecceee453e517124466f6bb6d334d507d1#rd,2023-09-28T07:00:10
913,10e847248ee54e99bc93fb659c94deda,来了，成电早新闻（2023.9.27),http://mp.weixin.qq.com/s?__biz=MzIyMzgxMTI0Ng==&mid=2247543464&idx=1&sn=8b57413816288ac390657f695d9c8b3d&chksm=e81ae969df6d607f91d3cbdc7e1bdf987d2e26b6494c787be057bf09182f1bf04f16a05ea119#rd,2023-09-27T07:00:10
928,45b0b11632394113900ad01b850bea70,来了，成电早新闻（2023.9.26),http://mp.weixin.qq.com/s?__biz=MzIyMzgxMTI0Ng==&mid=2247543297&idx=1&sn=b3113d76b52b60d965cc5e3fb6587357&chksm=e81ae9c0df6d60d6258bb64359f71add9965c25bce61b00de5c555d66d81521553f7aa0a949e#rd,2023-09-26T07:00:10
934,ac9bcb693aaf4e32bb0dd800734c84d4,来了，成电早新闻（2023.9.25),http://mp.weixin.qq.com/s?__biz=MzIyMzgxMTI0Ng==&mid=2247543235&idx=1&sn=84ff17c1872365e4ec3a2d78ebeea398&chksm=e81aea02df6d63144419370074aeff3149b3872cf1b19f8b297f4540e5dce1339652da5efcd4#rd,2023-09-25T07:00:10
942,836d5691fa894138b0443775e5adbd25,来了，成电早新闻（2023.9.24),http://mp.weixin.qq.com/s?__biz=MzIyMzgxMTI0Ng==&mid=2247543180&idx=1&sn=40e29294393b7e732881d427f51be228&chksm=e81aea4ddf6d635b0bc8c571aa58ab14ee375d395165cc1e6bf918c88762a2b59fbc7faa352f#rd,2023-09-24T07:00:10
952,c0cc1857521a42d59a149aaee8c40b42,来了，成电早新闻（2023.9.23),http://mp.weixin.qq.com/s?__biz=MzIyMzgxMTI0Ng==&mid=2247543099&idx=1&sn=6461c0e501f36db99ea839af2c5c7ab4&chksm=e81aeafadf6d63ec311665bce8d885dc022518c3742c69bef4fdc7d3c672d3caabbbbb6d329f#rd,2023-09-23T07:00:10
959,f7a6db7c1fea4a568d98878a6b22b1fe,来了，成电早新闻（2023.9.22),http://mp.weixin.qq.com/s?__biz=MzIyMzgxMTI0Ng==&mid=2247543045&idx=1&sn=294e6b27da6cb40f8e263bd72b629b36&chksm=e81aeac4df6d63d2ec6bd8c2932483f55c6565e077ba6f1fbeefb549189486908c786fcb93c0#rd,2023-09-22T07:00:10
973,ebd1506ef1a741c09f32b5d6b645f77d,来了，成电早新闻（2023.9.21),http://mp.weixin.qq.com/s?__biz=MzIyMzgxMTI0Ng==&mid=2247542995&idx=1&sn=fd14173f211309d4383a43e12c041de1&chksm=e81aeb12df6d6204bae7625c9ffab80cce35723d9be96629b5d96cedfef2acc50dfd80181870#rd,2023-09-21T07:00:10
979,1cedc6def55a4f69b1dc95015b6c1970,来了，成电早新闻（2023.9.20),http://mp.weixin.qq.com/s?__biz=MzIyMzgxMTI0Ng==&mid=2247542946&idx=1&sn=96d13496100e32cc1c88bfe183302f7d&chksm=e81aeb63df6d627506397dc0e00a67ad347594ec3a1b4bc384caaa6190d80a4dfde7ae973a11#rd,2023-09-20T07:00:10
985,3bef5b2a235e4c899d703b0f7aaec727,来了，成电早新闻（2023.9.19),http://mp.weixin.qq.com/s?__biz=MzIyMzgxMTI0Ng==&mid=2247542843&idx=1&sn=d74b6c54d2bfb9b39e39af8537bad331&chksm=e81aebfadf6d62ec9266b1bf237ce262c448fb413fa403ecfad7a731bd77e16be7ae9a634cbc#rd,2023-09-19T07:00:10
991,1d922146e8eb469c966bd1800ac5ca62,来了，成电早新闻（2023.9.18),http://mp.weixin.qq.com/s?__biz=MzIyMzgxMTI0Ng==&mid=2247542754&idx=1&sn=39366a498d1dd5d6757f481cc1c3b0b6&chksm=e81ae423df6d6d35cca09b9ae7a73d10d7fc10abaf9c83a884ab34f59859d4aa3240dda9711b#rd,2023-09-18T07:00:10
993,451576bf4a1a48a1aa037f626003d716,来了，成电早新闻（2023.9.17),http://mp.weixin.qq.com/s?__biz=MzIyMzgxMTI0Ng==&mid=2247542673&idx=1&sn=681951d18a133f927f7749b4e96463c5&chksm=e81ae450df6d6d46a305bfb02edadc06923b6e50bfdec7e90de74fdc39203a1239e50d2a7873#rd,2023-09-17T07:00:10
997,a52471cf35c8460bbaaa53e81cac50c3,来了，成电早新闻（2023.9.16),http://mp.weixin.qq.com/s?__biz=MzIyMzgxMTI0Ng==&mid=2247542285&idx=1&sn=1cf59ab33926d3fb89427ce521013b09&chksm=e81ae5ccdf6d6cda9b585e7ce62071b3b7c0ab43f1bb5099ae927d5dca2db9d215e2ba9dbc6f#rd,2023-09-16T07:00:10
1010,9d544ab273134a03b207696df8e1d210,来了，成电早新闻（2023.9.15),http://mp.weixin.qq.com/s?__biz=MzIyMzgxMTI0Ng==&mid=2247542209&idx=1&sn=99d5f7ec97f2ae17f6dfeaaf9132b074&chksm=e81ae600df6d6f1649c9071f6fd62ecd8d9ae4475fa3225b73837f567a51dea62495c1a820a6#rd,2023-09-15T07:00:10
1025,bcac6f89ec1846358a2eb58aa1147b39,来了，成电早新闻（2023.9.13),http://mp.weixin.qq.com/s?__biz=MzIyMzgxMTI0Ng==&mid=2247542035&idx=1&sn=ea22fc1e5a08f12dcb2fa19524f18d55&chksm=e81ae6d2df6d6fc479658e81eef37f5edbff09b90d78d2a05fec4c0d8ea217416399fd95b4a2#rd,2023-09-13T07:00:10
1033,278a761e154c42b696f8b3a32d2b141d,来了，成电早新闻（2023.9.12),http://mp.weixin.qq.com/s?__biz=MzIyMzgxMTI0Ng==&mid=2247541845&idx=1&sn=a8e69d64741a9694f4568694e358d08f&chksm=e81ae794df6d6e82fb0da39f23993bb64afc3ae9c890e2e60ebe0ebe09520cb2c5177bccfd1e#rd,2023-09-12T07:00:10
1040,b8b9912d88e7418cbe691c8c95f13986,来了，成电早新闻（2023.9.11),http://mp.weixin.qq.com/s?__biz=MzIyMzgxMTI0Ng==&mid=2247541635&idx=1&sn=9528c182f31d95a6b34ca9ec3548bc58&chksm=e81ae042df6d69547dadfd776b8b973086b42644f09f947446db9cfc540287f96ec2a1ec23f9#rd,2023-09-11T07:00:10
1045,122c083461a04932ac7c65fb18c81a28,来了，成电早新闻（2023.9.10),http://mp.weixin.qq.com/s?__biz=MzIyMzgxMTI0Ng==&mid=2247541605&idx=1&sn=892ced2dfd275b7dd593b29e74e3bbe3&chksm=e81ae0a4df6d69b2783229e295ba882dbf77f056b204765158caa2d5c67c4daf1b32f9320935#rd,2023-09-10T07:00:10
1054,57c98589eab7420a92379e41e4ad2a10,来了，成电早新闻（2023.9.9),http://mp.weixin.qq.com/s?__biz=MzIyMzgxMTI0Ng==&mid=2247541565&idx=1&sn=c35e51b23b0c2e6881236ad775c654e7&chksm=e81ae0fcdf6d69ea2216e195783ce3261c3c832de0d5de7d6e2a1b53a092a44f4b61a74682ee#rd,2023-09-09T07:00:10
1064,db232a92214246a6807fb81de8d0e2e8,来了，成电早新闻（2023.9.8),http://mp.weixin.qq.com/s?__biz=MzIyMzgxMTI0Ng==&mid=2247541505&idx=1&sn=5af5fa181bc2ef54c7c2ec25093edecd&chksm=e81ae0c0df6d69d678d8947850ec2f2e2c0a1197a0f1cc9bbe1d55ec82ded10a4dff228d59fe#rd,2023-09-08T07:00:10
1073,7f74824cf0a143118d128cf5a9ac2fc5,来了，成电早新闻（2023.9.7),http://mp.weixin.qq.com/s?__biz=MzIyMzgxMTI0Ng==&mid=2247541449&idx=1&sn=e227b68329dd2261c0a8f03c08b2534c&chksm=e81ae108df6d681e08a9c89802ad81a69ce4e7fc9d8f139dd1e8406eeedee3854c8b59255482#rd,2023-09-07T07:00:10
1079,3a6c104d7a8743e3b9c00b763dd76de9,来了，成电早新闻（2023.9.6),http://mp.weixin.qq.com/s?__biz=MzIyMzgxMTI0Ng==&mid=2247541410&idx=1&sn=fc0f3d5ecaee9ff1294ec75a55514a7a&chksm=e81ae163df6d68751f4470dbf8c5420d47aa1b6ecaafebe076f04a0b6837a6e71c1f9bc8cd09#rd,2023-09-06T07:00:10
1087,65c7f60d9c974ce6ad437e420f66c410,来了，成电早新闻（2023.9.5),http://mp.weixin.qq.com/s?__biz=MzIyMzgxMTI0Ng==&mid=2247541359&idx=1&sn=fd5f12a5853d5b4aba3d842402d08fcb&chksm=e81ae1aedf6d68b8631a8bf0a5aa58caa0ea0f68e74b0b5f091359efec5565e3668ffb15c2b6#rd,2023-09-05T07:00:10
1094,a218b8f96ec94b6484f103a8738497ab,来了，成电早新闻（2023.9.4),http://mp.weixin.qq.com/s?__biz=MzIyMzgxMTI0Ng==&mid=2247541293&idx=1&sn=3430fcf3807a5e79535ed0d2d37672cf&chksm=e81ae1ecdf6d68fad58d7d6793aafa4786db9d920c5ffbc308444b0b166d8e1e778170163439#rd,2023-09-04T07:00:10
1098,706b6fc86a574eeeb3eefc362c421f43,来了，成电早新闻（2023.9.3),http://mp.weixin.qq.com/s?__biz=MzIyMzgxMTI0Ng==&mid=2247541264&idx=1&sn=6d259f50c8f2ece37df5918eede6b3ae&chksm=e81ae1d1df6d68c74f7e2910ec908d80596059acc37ad1236a743bd0d017eb50e01c1184dde8#rd,2023-09-03T07:00:10
1103,0f9f919bccdd4f43971dc5d8e166d80f,来了，成电早新闻（2023.9.2),http://mp.weixin.qq.com/s?__biz=MzIyMzgxMTI0Ng==&mid=2247541232&idx=1&sn=7be79d88bd27a33918e9acf10ebc7128&chksm=e81ae231df6d6b270f9ba738618602539c718d4b357e57f829ae33171b11be7fc17ec43ac322#rd,2023-09-02T07:00:10
1114,c636923afb4c484184c32da5ae1d1e78,来了，成电早新闻（2023.9.1),http://mp.weixin.qq.com/s?__biz=MzIyMzgxMTI0Ng==&mid=2247541198&idx=1&sn=f88defc3f869b2ef028d0869160de817&chksm=e81ae20fdf6d6b198a88a9349373b8ca91cd93db2335f5c090c02f07ef0cb670d15f187e6c4d#rd,2023-09-01T07:00:10
1119,3cf3f2e6f4c2484e821e06c2b99b8a5b,来了，成电早新闻（2023.8.31),http://mp.weixin.qq.com/s?__biz=MzIyMzgxMTI0Ng==&mid=2247541169&idx=1&sn=dc6d607fccca2e727458ffe8c3676842&chksm=e81ae270df6d6b66cd96b55a8aa33b9a67924cde6a4d29b09378748e0f3aaad4dac4dcebf8b1#rd,2023-08-31T07:00:10
1124,7de8345bd71c4ab5b35ec0b5c6971047,来了，成电早新闻（2023.8.30),http://mp.weixin.qq.com/s?__biz=MzIyMzgxMTI0Ng==&mid=2247541121&idx=1&sn=73c45fd1dfcbbb90ad2869be8ed808f4&chksm=e81ae240df6d6b56401d2ab9a3373a9cb0a371d9a48b27539dfe924168a3ca52626c12dc6ab4#rd,2023-08-30T07:00:10
1135,9914bca66ad8435c953e9963bca1d736,来了，成电早新闻（2023.8.29）,http://mp.weixin.qq.com/s?__biz=MzIyMzgxMTI0Ng==&mid=2247541064&idx=1&sn=458732be543139bbe10010fd2914c2b8&chksm=e81ae289df6d6b9f4ea86e94fc4312804328074102b65a86781c3806485bf58d8b22a9844535#rd,2023-08-29T07:00:10
1140,5cbd7bc0b17440e498bf0cf6bbc70709,来了，成电早新闻（2023.8.28）,http://mp.weixin.qq.com/s?__biz=MzIyMzgxMTI0Ng==&mid=2247541013&idx=1&sn=5bb287e7268c4659762bcf2156e32725&chksm=e81ae2d4df6d6bc2920214b6ad31fde424c1651098e01c8fda9d303950a566153266decb3fa3#rd,2023-08-28T07:00:10
1145,29013477975046dfb3f38e6e3919198e,来了，成电早新闻（2023.8.27）,http://mp.weixin.qq.com/s?__biz=MzIyMzgxMTI0Ng==&mid=2247540956&idx=1&sn=e52e51bc3796bce3b8502552a1300eb5&chksm=e81ae31ddf6d6a0be8d5469e96adf9eb028a8ad29f83733b975d9a5ac7a9975c82e7b65ce2a5#rd,2023-08-27T07:00:10
1150,fbb1a65dc1b248288003ffb292eabd1f,来了，成电早新闻（2023.8.26）,http://mp.weixin.qq.com/s?__biz=MzIyMzgxMTI0Ng==&mid=2247540898&idx=1&sn=05e92d98fe3288969b49caa64dd95804&chksm=e81ae363df6d6a75d89891efd46f46b0f913e415d6875d98a380ca0e69d4a9adbeaf8eb888ae#rd,2023-08-26T07:00:10
1155,fc2959af20ac4013828f819158f5d42e,来了，成电早新闻（2023.8.25）,http://mp.weixin.qq.com/s?__biz=MzIyMzgxMTI0Ng==&mid=2247540840&idx=1&sn=ce7b8e3fba38d6416d89acd4b0598740&chksm=e81ae3a9df6d6abf2adf4e0c1527955d71ac0344d9659c563c1809682703db2bc6048463ebb1#rd,2023-08-25T07:00:10
1164,f4b4e8564d0a4c21a0480ec0c20babc0,来了，成电早新闻（2023.8.24）,http://mp.weixin.qq.com/s?__biz=MzIyMzgxMTI0Ng==&mid=2247540803&idx=1&sn=f484c2bd9efb0301459424d69ea6438f&chksm=e81ae382df6d6a946648b408357abffc1ea2d944a5652e4324b5508c2fd4bd47e42ce37b74d7#rd,2023-08-24T07:00:10
1169,26298904436c4048a4b95361cc4adf35,来了，成电早新闻（2023.8.23）,http://mp.weixin.qq.com/s?__biz=MzIyMzgxMTI0Ng==&mid=2247540761&idx=1&sn=c352ae28c9f94354a631f54169e4fed7&chksm=e81ae3d8df6d6ace3e64dc138c8339c179a6e4963338bd36f023439633e517d3146a0fa63d00#rd,2023-08-23T07:00:10
1177,d814e1b114c94f25b28c61005cc0e9aa,来了，成电早新闻（2023.8.21）,http://mp.weixin.qq.com/s?__biz=MzIyMzgxMTI0Ng==&mid=2247540698&idx=1&sn=5aae613b6937ae15a0b548b908a10d87&chksm=e81a9c1bdf6d150d9bcbb8cf7d12fc7a85cddc1661aa0ba5c042d35e2d16a048469578d0ef65#rd,2023-08-21T07:00:10
1179,4c9c0a06a52c459db6a0b76690dbffbd,来了，成电早新闻（2023.8.20）,http://mp.weixin.qq.com/s?__biz=MzIyMzgxMTI0Ng==&mid=2247540652&idx=1&sn=5a843a3c24f41b7ec7778d1f67aefdee&chksm=e81a9c6ddf6d157b76c6930c1df773d048d61c621f82c7cf14399731a17d70fd853d8dfdaf2b#rd,2023-08-20T07:00:10
1181,82182940a92643ac8790355212b60db5,来了，成电早新闻（2023.8.19）,http://mp.weixin.qq.com/s?__biz=MzIyMzgxMTI0Ng==&mid=2247540625&idx=1&sn=96a60a1c81f7e9250b7f7214dc64325c&chksm=e81a9c50df6d1546acd9163e03357285db99462561878e8eade9cf55ad7aae36393013ff25b5#rd,2023-08-19T07:00:10
1187,29da6e699fcc48ecbeadaa79e0f57161,来了，成电早新闻（2023.8.18）,http://mp.weixin.qq.com/s?__biz=MzIyMzgxMTI0Ng==&mid=2247540584&idx=1&sn=97f7b2fa19c080874a812f1cd504db98&chksm=e81a9ca9df6d15bfab69f30ecd479213816f5249cebfad22ce3cc8b64820c9b86e1d06d24bd1#rd,2023-08-18T07:00:10
1190,c5292afe0cd7453db830aed92e7c76c6,来了，成电早新闻（2023.8.17）,http://mp.weixin.qq.com/s?__biz=MzIyMzgxMTI0Ng==&mid=2247540539&idx=1&sn=d2a43e61c01f460d11cca6a093f9f7ee&chksm=e81a9cfadf6d15ecea11225a8d2ecec23691e171231d6b977607832abf3f9e68a4090b8e6422#rd,2023-08-17T07:00:10
1192,0ce9795cbb91461eb350225ab036bd01,来了，成电早新闻（2023.8.16）,http://mp.weixin.qq.com/s?__biz=MzIyMzgxMTI0Ng==&mid=2247540512&idx=1&sn=200e8562d2666356607f8239ce0c54b1&chksm=e81a9ce1df6d15f74ba9ad3688859ae957a761d53e188b9ceb9502b8d1133596451656e2cdc7#rd,2023-08-16T07:00:10
1197,25d3fccb62ed4d38b81f7c8f0086f75f,来了，成电早新闻（2023.8.15）,http://mp.weixin.qq.com/s?__biz=MzIyMzgxMTI0Ng==&mid=2247540489&idx=1&sn=809c9a1f89dc2636d790a5bf63b283f9&chksm=e81a9cc8df6d15deebd4a2dd95ffaf53e47d3b6b3bc4288f8d82f001c7fa9f41d84fecbf1941#rd,2023-08-15T07:00:10
1200,677db34ec8f24df98a402e98c7a8c0ed,来了，成电早新闻（2023.8.14）,http://mp.weixin.qq.com/s?__biz=MzIyMzgxMTI0Ng==&mid=2247540461&idx=1&sn=b11f4254a1a67b8e8ace04538c22410d&chksm=e81a9d2cdf6d143aa49295eacdb90c03678e18d5702d8589e2c2693797b07295dd19810ed6ed#rd,2023-08-14T07:00:10
1203,84aba6c957be4f2eae9e7aceb07531eb,来了，成电早新闻（2023.8.13）,http://mp.weixin.qq.com/s?__biz=MzIyMzgxMTI0Ng==&mid=2247540432&idx=1&sn=2428d7920c17512686ca50631c672b33&chksm=e81a9d11df6d1407f15ff03a981a5c7e10fd694ab6f278d0e171abd227cb783fcbcb9ef4ac0a#rd,2023-08-13T07:00:10
1205,759df0e5be6b4725886c339e6fbc36f4,来了，成电早新闻（2023.8.12）,http://mp.weixin.qq.com/s?__biz=MzIyMzgxMTI0Ng==&mid=2247540393&idx=1&sn=cfe123d0e9046bf125dc5d7c66a34d9a&chksm=e81a9d68df6d147e180d6566c5c8ab7b03de58410cd94eed80198d687fb647944f0423292b5b#rd,2023-08-12T07:00:10
1209,9ba2b53ac4234695b225f9e4157d6ca8,来了，成电早新闻（2023.8.11）,http://mp.weixin.qq.com/s?__biz=MzIyMzgxMTI0Ng==&mid=2247540360&idx=1&sn=3fdf4fb7f057054eeb0c24327ea53488&chksm=e81a9d49df6d145fec877aa5b16ec62cac788a14d9622c6093636fab6e3117b6437b937a5639#rd,2023-08-11T07:00:10
1214,2d0612483c5841f2899194c79dee05f4,来了，成电早新闻（2023.8.10）,http://mp.weixin.qq.com/s?__biz=MzIyMzgxMTI0Ng==&mid=2247540335&idx=1&sn=56bfbd626d70ebfdd88ab922eede301f&chksm=e81a9daedf6d14b89dc244fdb535d49c29ef65d27c16bb7eb0a7ce420b66ba7a7048cdb9e27d#rd,2023-08-10T07:00:10
1217,f06278f54df545348421283825184c51,来了，成电早新闻（2023.8.９）,http://mp.weixin.qq.com/s?__biz=MzIyMzgxMTI0Ng==&mid=2247540309&idx=1&sn=4d8dcc91fb140f3ccc8a3fb5c9e7b811&chksm=e81a9d94df6d14820485a8964e2856647419eec61105a5dec65d346288ec4919c054ab233710#rd,2023-08-09T07:00:10
1223,864b610f840b4c71a1716ce458d088bc,来了，成电早新闻（2023.8.8）,http://mp.weixin.qq.com/s?__biz=MzIyMzgxMTI0Ng==&mid=2247540294&idx=1&sn=9d6dbcb5cda2bcdc0c9f707c08e145dd&chksm=e81a9d87df6d14915cc99aa72c425205e74629abb0cbf3f925926703eed608c5ec5063d3d656#rd,2023-08-08T07:00:10
1226,5a00cd27323a48a8acabe303dd5f8c48,来了，成电早新闻（2023.8.7）,http://mp.weixin.qq.com/s?__biz=MzIyMzgxMTI0Ng==&mid=2247540273&idx=1&sn=bf6e3794aeecca2a743a1ef54aca5e43&chksm=e81a9df0df6d14e6ed0978160065f941ecf51e1d39fd083617ac4d6cc4a5d383fd56985cb014#rd,2023-08-07T07:00:10
1230,e75a6a166c324ba0b1c13c49e628d17a,来了，成电早新闻（2023.8.6）,http://mp.weixin.qq.com/s?__biz=MzIyMzgxMTI0Ng==&mid=2247540243&idx=1&sn=ff3a140e900d586e463ed2add6c4236a&chksm=e81a9dd2df6d14c4ceaa86c9d83522ab8c59997f2db4b20afc94f48f9c3ef905b7cbe44a276f#rd,2023-08-06T07:00:10
1233,4fb89d09f32c409fbe0ab2b02e621e21,来了，成电早新闻（2023.8.5）,http://mp.weixin.qq.com/s?__biz=MzIyMzgxMTI0Ng==&mid=2247540229&idx=1&sn=2a7f11b2392b8749896e2e0f9ab8f7dc&chksm=e81a9dc4df6d14d25aa5290cf3bf1b475df2aab218c2d729c8f87cb5663386baf2f4f9aee89b#rd,2023-08-05T07:00:10
1236,eca7aad9ba934774bfbe4ca6cec8a171,来了，成电早新闻（2023.8.4）,http://mp.weixin.qq.com/s?__biz=MzIyMzgxMTI0Ng==&mid=2247540211&idx=1&sn=5006f7401a3a09c80c316a9aab326566&chksm=e81a9e32df6d17247478c2f51880593dd39011dc2dc7634f41bdc56f214971815d9820399d22#rd,2023-08-04T07:00:10
1240,3e5a766049c84541a3075092a1aaacd9,来了，成电早新闻（2023.8.3）,http://mp.weixin.qq.com/s?__biz=MzIyMzgxMTI0Ng==&mid=2247540152&idx=1&sn=cdc90b50404cb2346768a8d50b372b33&chksm=e81a9e79df6d176f63e11b70cf1e1d817479777a8d260c9f57b8096bf62de1047c98d12ca978#rd,2023-08-03T07:00:10
1243,9ef5b9aca9f446a6994aedd85e9b9829,来了，成电早新闻（2023.8.2）,http://mp.weixin.qq.com/s?__biz=MzIyMzgxMTI0Ng==&mid=2247540125&idx=1&sn=7e502c8ee37f4d8a179374dbef487d1d&chksm=e81a9e5cdf6d174a8d99dcf10935bb516b2724986c270c769cf565f9c10fcab161103373b4e9#rd,2023-08-02T07:00:10
1248,1df9c61ce99246a49cdf2cd7f2312527,来了，成电早新闻（2023.8.1）,http://mp.weixin.qq.com/s?__biz=MzIyMzgxMTI0Ng==&mid=2247540096&idx=1&sn=af61e1ed2b94cf364c885ef48130d4be&chksm=e81a9e41df6d17571260556bd09c1f350c0115f50148d58a7ccb100055f3f7012f7d97826eb4#rd,2023-08-01T07:00:10
1251,3705f744551e47a4a101073d0bf6ad5d,来了，成电早新闻（2023.7.31）,http://mp.weixin.qq.com/s?__biz=MzIyMzgxMTI0Ng==&mid=2247539996&idx=1&sn=f7c1d0ef63a7c12140caf5af557541dd&chksm=e81a9edddf6d17cbcdabe0df37ddc2dcba80a271ee227ebdcc5b77bf3b23ccd005ab10256995#rd,2023-07-31T07:00:10
1254,0276f6376c154e7290317c169dc84ba0,来了，成电早新闻（2023.7.30）,http://mp.weixin.qq.com/s?__biz=MzIyMzgxMTI0Ng==&mid=2247539979&idx=1&sn=d6813cfc772675ee4e1688501d5f025b&chksm=e81a9ecadf6d17dcf0fed71160623a7f3b3b426c1e15b66d8057a31fa0d4cfb5a1ef9499209a#rd,2023-07-30T07:00:10
1256,a9b91174a6c14283ac3adac468d2a876,来了，成电早新闻（2023.7.29）,http://mp.weixin.qq.com/s?__biz=MzIyMzgxMTI0Ng==&mid=2247539965&idx=1&sn=a432536f28c8d172b958cb91309f4857&chksm=e81a9f3cdf6d162a76151ecfecaa418f821814053591eb9078b3c01577988ae2fbac42b08922#rd,2023-07-29T07:00:10
1259,b804fb31814042f6bacc42f2aecfb1d3,来了，成电早新闻（2023.7.28）,http://mp.weixin.qq.com/s?__biz=MzIyMzgxMTI0Ng==&mid=2247539946&idx=1&sn=96e610e70b5acac94653f03cc1d057d0&chksm=e81a9f2bdf6d163d87eb4cc74359e365bd6b8b874ad785c70b2f50f6182ac821a73d0645b8b6#rd,2023-07-28T07:00:10
1264,42d3a1fb269f4666b520cb974981e6d5,来了，成电早新闻（2023.7.27）,http://mp.weixin.qq.com/s?__biz=MzIyMzgxMTI0Ng==&mid=2247539912&idx=1&sn=3ed47c7a98aa55a58e5b0a33eaa09db7&chksm=e81a9f09df6d161f53598b32ea3bde75975461e62d81426db60c225078fd12f1ec5dc6f38e0c#rd,2023-07-27T07:00:10
1267,ec8c54e963384b038673ed083a4a3fe5,来了，成电早新闻（2023.7.26）,http://mp.weixin.qq.com/s?__biz=MzIyMzgxMTI0Ng==&mid=2247539894&idx=1&sn=ba93d66bf532c4ad93fc7109ce9626be&chksm=e81a9f77df6d1661b5130d32bcce2e3ade6313ffc45127f86d24bf02c5ed00e07f0389f84c9d#rd,2023-07-26T07:00:10
1272,59176b7fd39e4dddb182caff5f54a566,来了，成电早新闻（2023.7.25）,http://mp.weixin.qq.com/s?__biz=MzIyMzgxMTI0Ng==&mid=2247539876&idx=1&sn=fc6f773f2c0acd19a41feadccea71cf0&chksm=e81a9f65df6d167397ee29c59e285b5bcd1c3e02b5d3a39e7ad37d8b4bc32e4c09b43dc76c92#rd,2023-07-25T07:00:10
1276,45f4fddf7b0a424fb683b4cf536359a4,来了，成电早新闻（2023.7.24）,http://mp.weixin.qq.com/s?__biz=MzIyMzgxMTI0Ng==&mid=2247539859&idx=1&sn=a59fa98e926f6591921627d8138658c4&chksm=e81a9f52df6d164435f520558ad504f918b1a5b9ea047269dc0afe1611d5858356e166970061#rd,2023-07-24T07:00:10
1280,fd5358b6f88249928d62632d1983cac1,来了，成电早新闻（2023.7.23）,http://mp.weixin.qq.com/s?__biz=MzIyMzgxMTI0Ng==&mid=2247539840&idx=1&sn=b20c259e105403d474a12bbf7d4c4307&chksm=e81a9f41df6d1657b167dfcab7eb0cbcc5cac3885b3f869169c6b36bdb04b21b3aa4aa23434c#rd,2023-07-23T07:00:10
1284,b5d28f2586984add81dd540fbc8b4abf,来了，成电早新闻（2023.7.22）,http://mp.weixin.qq.com/s?__biz=MzIyMzgxMTI0Ng==&mid=2247539811&idx=1&sn=da5d67a8c79dd3788f26b68151828804&chksm=e81a9fa2df6d16b4f99b0b5e74ec0e4dae697f4486ab3dc7b102fffd8db5728f1309406e0f51#rd,2023-07-22T07:00:10
1287,2b9babd6d13e42098e5bcbd12d060626,来了，成电早新闻（2023.7.21）,http://mp.weixin.qq.com/s?__biz=MzIyMzgxMTI0Ng==&mid=2247539789&idx=1&sn=6f50ab07e5ba631a86f6dc3c7e34a9bc&chksm=e81a9f8cdf6d169a0e563e33552cd341cf77b2348e8c6f7ad85004222abe313656cc2716dcf9#rd,2023-07-21T07:00:10
1291,0b050524915e419f981a930449db98ff,来了，成电早新闻（2023.7.20）,http://mp.weixin.qq.com/s?__biz=MzIyMzgxMTI0Ng==&mid=2247539749&idx=1&sn=a7741a4db9814036f9de2fe888d83584&chksm=e81a9fe4df6d16f20f298423e338284724ae031324b1ae67965f3e95df793d18ce6df1b82b7b#rd,2023-07-20T07:00:10
1294,6bc89995889440eba041fd3b3ff19b69,来了，成电早新闻（2023.7.19）,http://mp.weixin.qq.com/s?__biz=MzIyMzgxMTI0Ng==&mid=2247539713&idx=1&sn=d18f9012ce337c6f1da7b350c1ed14e7&chksm=e81a9fc0df6d16d615ae0965af3af4e49708f0a7f8ff68f84ac26cb69987ced76e9d89b27914#rd,2023-07-19T07:00:10
1299,1d5870f5802c497aa14e12daa815672c,来了，成电早新闻（2023.7.18）,http://mp.weixin.qq.com/s?__biz=MzIyMzgxMTI0Ng==&mid=2247539690&idx=1&sn=f852eb1d7d520fbbd5a2660081e86445&chksm=e81a982bdf6d113d7ca2bde0932548ec25bf194fdc3cf9740402364d6476662bc6f2a4326834#rd,2023-07-18T07:00:10
1303,aec14217fe094a68a723f7442cb56eab,来了，成电早新闻（2023.7.17）,http://mp.weixin.qq.com/s?__biz=MzIyMzgxMTI0Ng==&mid=2247539666&idx=1&sn=13edd4f61941db9b4ed4e8c03dbd059b&chksm=e81a9813df6d110595240ea46a8369bb8c3c89c0e6c31f52cdc6194750e5d08f1a7ab017d348#rd,2023-07-17T07:00:10
1306,8ed069a4b01743aba6feb267128364b1,来了，成电早新闻（2023.7.16）,http://mp.weixin.qq.com/s?__biz=MzIyMzgxMTI0Ng==&mid=2247539618&idx=1&sn=67ee6e84fab6cca26edfcc702cd5cf70&chksm=e81a9863df6d117542a96a731ee3b459dcbb181ea45d6ec06001e3379f2d15eb4cdf06e48f90#rd,2023-07-16T07:00:10
1312,459c8c9aba624faf81461b575e47271b,来了，成电早新闻（2023.7.15）,http://mp.weixin.qq.com/s?__biz=MzIyMzgxMTI0Ng==&mid=2247539567&idx=1&sn=ee83344bda76e2a45e5da83323b3cf45&chksm=e81a98aedf6d11b8fd25f03004f97b68f88c20bb52379a46a4068bc5bd0671e1a29ec4e2f489#rd,2023-07-15T07:00:10
1315,02b0bec3f3c748509e9b77b787fd3ff3,来了，成电早新闻（2023.7.14）,http://mp.weixin.qq.com/s?__biz=MzIyMzgxMTI0Ng==&mid=2247539506&idx=1&sn=7249a9eb15776991bfdd8dc3dd9fa944&chksm=e81a98f3df6d11e5f14cf82ccdf4a4a9ba1c496a842b578f83b8614b85bd71fce841b2bada7f#rd,2023-07-14T07:00:10
1322,06bae80fdda94185b972ec11ce2c5e27,来了，成电早新闻（2023.7.13）,http://mp.weixin.qq.com/s?__biz=MzIyMzgxMTI0Ng==&mid=2247539454&idx=1&sn=6336c3e549ad133910bf0d24cd6d3178&chksm=e81a993fdf6d10296640ec37ee5c29d7c9bb3cbf99dad74a5e23eea81aca1f1867738d32882c#rd,2023-07-13T07:00:10
1327,3c03b6e96e504887b8cc64d301c7cacb,来了，成电早新闻（2023.7.12）,http://mp.weixin.qq.com/s?__biz=MzIyMzgxMTI0Ng==&mid=2247539401&idx=1&sn=e66ba0fb224a68b97cbcf9e0b6ce3589&chksm=e81a9908df6d101e83de2c918905ac93e62a9711038d6acf5e88855b36a72babc2d057fdf241#rd,2023-07-12T07:00:10
1332,b895dec4113146a7b54ded260f5953dd,来了，成电早新闻（2023.7.11）,http://mp.weixin.qq.com/s?__biz=MzIyMzgxMTI0Ng==&mid=2247539342&idx=1&sn=51f7c8201044b548705782fb6ba3e658&chksm=e81a994fdf6d1059811a014e6393eb80f16b70c9f943f8aeee4f1925c65494aaf51754ceb583#rd,2023-07-11T07:00:10
1345,c5397afda9e8447f84c6608a104d457d,来了，成电早新闻（2023.7.10）,http://mp.weixin.qq.com/s?__biz=MzIyMzgxMTI0Ng==&mid=2247539287&idx=1&sn=59ddadca577517f8e3c9ee5d25296197&chksm=e81a9996df6d108067a5595ce9331869ca4750ed7d513e6289d72f127b16f033080d3e92bc5b#rd,2023-07-10T07:00:10
1353,48ed0bebce074bcf912ad670a4f3d7a4,来了，成电早新闻（2023.7.9）,http://mp.weixin.qq.com/s?__biz=MzIyMzgxMTI0Ng==&mid=2247539260&idx=1&sn=9fd0b7c2e88e5e474dfb10f468491535&chksm=e81a99fddf6d10eb0fac186d960f3434cfe6ff1a4fb8807fcfd5c1fb0e87b5bf63ffca1f346a#rd,2023-07-09T07:00:10
1359,c681a36d9dee4db0a9bd1e2ba54f16b3,来了，成电早新闻（2023.7.8）,http://mp.weixin.qq.com/s?__biz=MzIyMzgxMTI0Ng==&mid=2247539223&idx=1&sn=cabdbebd7a25d0130e723e25153c3a66&chksm=e81a99d6df6d10c0aaeb790ef981d8e1c337e3cfed295a0533b7b560b845d99af9a393688432#rd,2023-07-08T07:00:10
1365,fc608df2aced4806a336accad4388c1e,来了，成电早新闻（2023.7.７）,http://mp.weixin.qq.com/s?__biz=MzIyMzgxMTI0Ng==&mid=2247539190&idx=1&sn=a4418d846213c2463bfffe5697b480ce&chksm=e81a9a37df6d1321e47dce120bee48a87f98525bb3870fa50c194462ddde0661f128ead507f4#rd,2023-07-07T07:00:10
1373,ec0904603daa4b37a0f86b5351c8c021,来了，成电早新闻（2023.7.6）,http://mp.weixin.qq.com/s?__biz=MzIyMzgxMTI0Ng==&mid=2247539145&idx=1&sn=33d759544331dea914530b039c7543f9&chksm=e81a9a08df6d131e00adf4d36a63c7671ac6dcaa1b0c47e19ac574e34baf3c3a831b6b342a43#rd,2023-07-06T07:00:10
1381,3218ee3e3d3042f38955170f303adec4,来了，成电早新闻（2023.7.5）,http://mp.weixin.qq.com/s?__biz=MzIyMzgxMTI0Ng==&mid=2247539089&idx=1&sn=582a5e4ff50951ec5e7d34d1922d66fe&chksm=e81a9a50df6d1346e8f4d318bbc00dc6d4d918cb3c5a9ed0fec0af28bab90a48f4a3f76c7c75#rd,2023-07-05T07:00:10
1389,da56b3fb4fed46269412b8d1283b1d98,来了，成电早新闻（2023.7.4）,http://mp.weixin.qq.com/s?__biz=MzIyMzgxMTI0Ng==&mid=2247539030&idx=1&sn=358b1841af52f1e0eeb6df6213935ac5&chksm=e81a9a97df6d1381a1000f156d00e14ce859fffd98f42fc7fcb4328746c8204b0b9e60c865ee#rd,2023-07-04T07:00:10
1399,70cf44b46c354f1bbf9eb16698274633,来了，成电早新闻（2023.7.3）,http://mp.weixin.qq.com/s?__biz=MzIyMzgxMTI0Ng==&mid=2247538977&idx=1&sn=5a90e74aef192c237f5578b2eaa936d3&chksm=e81a9ae0df6d13f6758987a3d31cb6647dc83946b4abc37e29524efbb32f422649599ae8c88a#rd,2023-07-03T07:00:10
1405,13bb00e291114ef1b993d1aa5850b2e4,来了，成电早新闻（2023.7.２）,http://mp.weixin.qq.com/s?__biz=MzIyMzgxMTI0Ng==&mid=2247538769&idx=1&sn=20fdd77b6ebf2c2e5edaec82d76ea329&chksm=e81a9b90df6d12863f7fe0108c2994d7fac4d4adfb66215cbe42691422e654a12279efce18cc#rd,2023-07-02T07:00:10
1409,4dc7e31d802a4adb9d03c55d32620ebf,来了，成电早新闻（2023.7.1）,http://mp.weixin.qq.com/s?__biz=MzIyMzgxMTI0Ng==&mid=2247538714&idx=1&sn=a50144f205e26e4564401279e6ca8e70&chksm=e81a9bdbdf6d12cd88cba77089d9382a1a3b73a2d6e780179bb18b047290680d84a67b05e365#rd,2023-07-01T07:00:10
1414,ddb1a532cb8646fca6d1e377748aad9f,来了，成电早新闻（2023.6.30）,http://mp.weixin.qq.com/s?__biz=MzIyMzgxMTI0Ng==&mid=2247538661&idx=1&sn=6425e8cb2dab7d45bad2bbfef8def3e7&chksm=e81a9424df6d1d32d2c3052a8319d2fc4dab0050270de7941a90ef1aa74b3a3435e5683a4a2b#rd,2023-06-30T07:00:10
1424,d13ff5d1ff894c35a907abc115f2bcc9,来了，成电早新闻（2023.6.29）,http://mp.weixin.qq.com/s?__biz=MzIyMzgxMTI0Ng==&mid=2247538606&idx=1&sn=8026206a881e861a1fb9a8e4135537a9&chksm=e81a946fdf6d1d7932e2dd7a4ccaa09142deb1ffb395e1d362e43c0e99caecbd878bb789638c#rd,2023-06-29T07:00:10
1431,da03cb3cfc2d4147b2cb21d0255c13db,来了，成电早新闻（2023.6.28）,http://mp.weixin.qq.com/s?__biz=MzIyMzgxMTI0Ng==&mid=2247538529&idx=1&sn=19c2743ccc0f1d1c5c4aca01ff77fa9c&chksm=e81a94a0df6d1db6a21a92d95d0c29ed9a99dc53f2e5bddc410310d59864e4e287d584f95f89#rd,2023-06-28T07:00:10
1439,66595283a6fb44c4885fd72118dc6c22,来了，成电早新闻（2023.6.27）,http://mp.weixin.qq.com/s?__biz=MzIyMzgxMTI0Ng==&mid=2247538495&idx=1&sn=ee30189b68b7322563b929bd673d98d9&chksm=e81a94fedf6d1de85c24dca021a6fa49d2e5541563684f428fa088c0c16f520f9452546c37cd#rd,2023-06-27T07:00:10
1447,32e3a2891a054d229604c2eaf9e37c52,来了，成电早新闻（2023.6.26）,http://mp.weixin.qq.com/s?__biz=MzIyMzgxMTI0Ng==&mid=2247538431&idx=1&sn=6884838dfde248b80a7e6b3f4cb3bfbd&chksm=e81a953edf6d1c28074c4e32be68bed78cfb9cb963713fe62e23436ec76f539b9437b62aa96e#rd,2023-06-26T07:00:10
1453,7071c833ce6a488ca6721751647f05e3,来了，成电早新闻（2023.6.25）,http://mp.weixin.qq.com/s?__biz=MzIyMzgxMTI0Ng==&mid=2247538396&idx=1&sn=53e53579e696a76ecdf8a250055eb46a&chksm=e81a951ddf6d1c0b1f31f0f8970a96803b93ea58277348ee792c2cfa6cdcf8ff264465dbf072#rd,2023-06-25T07:00:10
1461,0c6a03d4a371449880162860ac2a538f,来了，成电早新闻（2023.6.24）,http://mp.weixin.qq.com/s?__biz=MzIyMzgxMTI0Ng==&mid=2247538379&idx=1&sn=3b7317252e809deeedede9a852aacae5&chksm=e81a950adf6d1c1c5f88da727013bc8f449cf56d22378f75ba6f68b73724e8597bbe2b97c75d#rd,2023-06-24T07:00:10
1464,35178b0cf2de443cbbc95b077f7921d8,来了，成电早新闻（2023.6.23）,http://mp.weixin.qq.com/s?__biz=MzIyMzgxMTI0Ng==&mid=2247538346&idx=1&sn=79aa6743e6a912ff8c4a909ac0ad14dc&chksm=e81a956bdf6d1c7d5bd2a961fba3d749e16006a91de0d349fec2dc8ca544ee7a3dfa7320b203#rd,2023-06-23T07:00:10
1466,11a11a1da4fc4f5b8c983a114d5a34b9,来了，成电早新闻（2023.6.22）,http://mp.weixin.qq.com/s?__biz=MzIyMzgxMTI0Ng==&mid=2247538310&idx=1&sn=d123afd6eaa73ae9c1ba88b281e0e7a7&chksm=e81a9547df6d1c512a3d9fe722e9785413057115fafc16ec7839aeb311474627014f0d787405#rd,2023-06-22T07:00:10
1473,3fda1164025f4d08814b6a5f5355898f,来了，成电早新闻（2023.6.21）,http://mp.weixin.qq.com/s?__biz=MzIyMzgxMTI0Ng==&mid=2247538260&idx=1&sn=d36909a8c00c9cb839c8e5cf19e0a11b&chksm=e81a9595df6d1c836807552c5a2c81ca3361d178c1d6eacf51b6d0a5a6f724db16f4d0d00471#rd,2023-06-21T07:00:10
1481,ce0ea05056754a9a8bdc88dd4c01802a,来了，成电早新闻（2023.6.20）,http://mp.weixin.qq.com/s?__biz=MzIyMzgxMTI0Ng==&mid=2247538214&idx=1&sn=c5ee8ff154c835e392c536d85389e704&chksm=e81a95e7df6d1cf1d2c0cb4e644144bd31e1ff0e6d64c8ef2a6bc8bfe4fe822f35e54295fa8b#rd,2023-06-20T07:00:10
1489,22f02889eeb64c66819fc4f3322535a4,来了，成电早新闻（2023.6.19）,http://mp.weixin.qq.com/s?__biz=MzIyMzgxMTI0Ng==&mid=2247538183&idx=1&sn=29015e4f01d8990dd6d35a5120947b88&chksm=e81a95c6df6d1cd04938884ccbd90d7bf61d758518565062e7dd8439ea46592a5d8ce06f75f5#rd,2023-06-19T07:00:10
1495,657279877add41c2abde4e1f88c52908,来了，成电早新闻（2023.6.18）,http://mp.weixin.qq.com/s?__biz=MzIyMzgxMTI0Ng==&mid=2247538062&idx=1&sn=79d1eca447f5692fc5c375a26606aec7&chksm=e81a964fdf6d1f59ae338a5d3f2015e48cbbc3a3d565ec848c094d5ab057846bad2f8e32013b#rd,2023-06-18T07:00:10
1498,9d2a7fd07346416c8a0dddfc02129d5a,来了，成电早新闻（2023.6.17）,http://mp.weixin.qq.com/s?__biz=MzIyMzgxMTI0Ng==&mid=2247537988&idx=1&sn=139ecfcbfbe66f19eacef42a4021fd7e&chksm=e81a9685df6d1f934574b14727d5870dd0504bc188523bb61bef91edf41daa2e3753d515c226#rd,2023-06-17T07:00:10
1503,d0a1ffe62c7c44b79b230681b4d7f031,来了，成电早新闻（2023.6.16）,http://mp.weixin.qq.com/s?__biz=MzIyMzgxMTI0Ng==&mid=2247537897&idx=1&sn=445742fc8988f1fc247eec41ee83c606&chksm=e81a9728df6d1e3e7f5764dadefa1042758fc6e6673512293b13ac498d97c4dd585d27b1c75c#rd,2023-06-16T07:00:10
1509,7e2906840248490786edd306a21b9656,来了，成电早新闻（2023.6.15）,http://mp.weixin.qq.com/s?__biz=MzIyMzgxMTI0Ng==&mid=2247537809&idx=1&sn=129933f0f31db1b6e007c6826dce49cc&chksm=e81a9750df6d1e4611579bdce9db5d0684262a6316fa744f306c9adaa19366140dec17a5ca6c#rd,2023-06-15T07:00:10
1518,cb072a69730649da88da15da98190a0a,来了，成电早新闻（2023.6.14）,http://mp.weixin.qq.com/s?__biz=MzIyMzgxMTI0Ng==&mid=2247537739&idx=1&sn=84d9f3b6dfc121708d6a63ca2507e24d&chksm=e81a978adf6d1e9c4ea857dc41a7e3f0db0cf7843646b587ec25b86f789f73f13ed8025c7e87#rd,2023-06-14T07:00:10
1527,0eefa919357848a7898a09adc1056d02,来了，成电早新闻（2023.6.13）,http://mp.weixin.qq.com/s?__biz=MzIyMzgxMTI0Ng==&mid=2247537654&idx=1&sn=f6cc75980dced5e0aa60cfc307b6a821&chksm=e81a9037df6d19219ff522318c47f442ceb1725ce1f11743e93c402ebd665b166fe60ff75571#rd,2023-06-13T07:00:10
1536,34b11d82f05a4fdc88c7828c0304ead8,来了，成电早新闻（2023.6.12）,http://mp.weixin.qq.com/s?__biz=MzIyMzgxMTI0Ng==&mid=2247537611&idx=1&sn=1552e5cd9507d34ceb596faf76f226ee&chksm=e81a900adf6d191c262a3cab92ea71578bf6f032f1100936cd1518e3f31020e9a5f5fc11cfa4#rd,2023-06-12T07:00:10
1545,236db401d9f8439a9be23bbd14c58da1,来了，成电早新闻（2023.6.11）,http://mp.weixin.qq.com/s?__biz=MzIyMzgxMTI0Ng==&mid=2247537561&idx=1&sn=66eecd3deb050ba9492da4b7c5563d5e&chksm=e81a9058df6d194e27992e9f107167d939b2b90016a864fce533ced116d3584c070cc430af6c#rd,2023-06-11T07:00:10
1549,ae882c957b5e4e109c92e648dc114e59,来了，成电早新闻（2023.6.10）,http://mp.weixin.qq.com/s?__biz=MzIyMzgxMTI0Ng==&mid=2247537514&idx=1&sn=9728bc06f65f450fe5bbe4b16e809117&chksm=e81a90abdf6d19bdebbcc588065daa8bd86e844e861915ddbcd1aed9bf1a045fced02fbf8fca#rd,2023-06-10T07:00:10
1554,f2659b451a4f4ac89f0d867747d6ba92,来了，成电早新闻（2023.6.9）,http://mp.weixin.qq.com/s?__biz=MzIyMzgxMTI0Ng==&mid=2247537448&idx=1&sn=d302fa900e304b3b097511875854a987&chksm=e81a90e9df6d19ffb679d3587b510d0e043917b85e9e9c9f28afe16be5b36745efb7f26abc3b#rd,2023-06-09T07:00:10
1562,0904a0170af94ddeb55c4993a7f60252,来了，成电早新闻（2023.6.8）,http://mp.weixin.qq.com/s?__biz=MzIyMzgxMTI0Ng==&mid=2247537388&idx=1&sn=8b9eea1d482d8fb323bb15d4181c6610&chksm=e81a912ddf6d183b7378b01f0c1bf583405013d2a0de005efec08fc1c44c643d8518fbc06342#rd,2023-06-08T07:00:10
1571,b359a331d90642e3b886ea128f0bbcf8,来了，成电早新闻（2023.6.7）,http://mp.weixin.qq.com/s?__biz=MzIyMzgxMTI0Ng==&mid=2247537351&idx=1&sn=f9039ceb870514a4130589d48c0f95ed&chksm=e81a9106df6d181002d2052dc726be4a37debe55ef7e147d2d8a495b2170dab0a7b4ae83c5ab#rd,2023-06-07T07:00:10
1582,07e3155e6b0c4a24af1105a91135c19c,来了，成电早新闻（2023.6.6）,http://mp.weixin.qq.com/s?__biz=MzIyMzgxMTI0Ng==&mid=2247537305&idx=1&sn=51da6a82d42972d9f739325b2cbef88b&chksm=e81a9158df6d184e13f981f98826fa5e3cb29944b5868ceb049db2fed413c45b10c06e51b04b#rd,2023-06-06T07:00:10
1588,48f7c894d36f42e48cae076e2d9982f3,来了，成电早新闻（2023.6.5）,http://mp.weixin.qq.com/s?__biz=MzIyMzgxMTI0Ng==&mid=2247537256&idx=1&sn=3b205f84c05ce6670826c00ea8d1622c&chksm=e81a91a9df6d18bfc5359511d83c0964937fc5771f70209d9c1a3881cc0222d8cce31044ee0e#rd,2023-06-05T07:00:10
1593,90abbe03d59041e2891a1a10472eb5c5,来了，成电早新闻（2023.6.4）,http://mp.weixin.qq.com/s?__biz=MzIyMzgxMTI0Ng==&mid=2247537216&idx=1&sn=0ba7c4f2b46c032582b15efc374722cc&chksm=e81a9181df6d1897881b8d544781fa6c24e9d36bcf802c3747378a4e7dbaafe67f215a5838d2#rd,2023-06-04T07:00:10
1598,64886e44008b43c49e7ec03937679608,来了，成电早新闻（2023.6.3）,http://mp.weixin.qq.com/s?__biz=MzIyMzgxMTI0Ng==&mid=2247537177&idx=1&sn=e641394cb3ff45dc5d855d2c71a94be7&chksm=e81a91d8df6d18cef9b030bb584da25f7aef1d2a2b1f78894f969747aec3593095e7a0faaf6c#rd,2023-06-03T07:00:10
1605,ad1914052a1c435ab9ecf55876e3ce80,来了，成电早新闻（2023.6.2）,http://mp.weixin.qq.com/s?__biz=MzIyMzgxMTI0Ng==&mid=2247537129&idx=1&sn=48cbefe86135b81d849d081b5c226340&chksm=e81a9228df6d1b3e36caa005b8443b66c152a4d27edd3f2705065f3c7ac9e61ca4d440354d03#rd,2023-06-02T07:00:10
1614,eb3aa20e964e45ba9a2daea57b93d943,来了，成电早新闻（2023.6.1）,http://mp.weixin.qq.com/s?__biz=MzIyMzgxMTI0Ng==&mid=2247537042&idx=1&sn=b7cb2a89122527944d313a1d18c175b6&chksm=e81a9253df6d1b45621960571341a39dc1becc7115cf0eeda8a1f9a15fcd212195132d0b18fe#rd,2023-06-01T07:00:10
1619,eb111d1285a049c4adb0897c73107e84,来了，成电早新闻（2023.5.31）,http://mp.weixin.qq.com/s?__biz=MzIyMzgxMTI0Ng==&mid=2247536991&idx=1&sn=b7a8c171f35d3d93cc4e8631dbbbca83&chksm=e81a929edf6d1b88194f2e8ccfe2529d118361433097dfc3149026f8f8c3d132c7594083cbb2#rd,2023-05-31T07:00:10
1628,b082c7a4c7bb46989dbadac625f53c17,来了，成电早新闻（2023.5.30）,http://mp.weixin.qq.com/s?__biz=MzIyMzgxMTI0Ng==&mid=2247536940&idx=1&sn=d59528f3651f44a3b0701623573e09ef&chksm=e81a92eddf6d1bfb6e9bd0401a7d84647dd32d7d6ec82dfde4b0a83d9cdb0a51fe63a94f3c0f#rd,2023-05-30T07:00:10
1636,014daec642754c5696a76498aa8a5d89,来了，成电早新闻（2023.5.29）,http://mp.weixin.qq.com/s?__biz=MzIyMzgxMTI0Ng==&mid=2247536913&idx=1&sn=8e381ea559b260c0ef6477a1f7f51c47&chksm=e81a92d0df6d1bc679c5fdfe37dfbb72fcceee47078016de9e503887e98910ddbf11cc8d801a#rd,2023-05-29T07:00:10
1643,f5be7434017d468f8e6504fddce2d5cb,来了，成电早新闻（2023.5.28）,http://mp.weixin.qq.com/s?__biz=MzIyMzgxMTI0Ng==&mid=2247536893&idx=1&sn=4d000dba9e5daa9120676f3798c86847&chksm=e81a933cdf6d1a2a9bee69fc5f5f0df1594ab65ae7c403c943668abd252a343acc3a1a8c5ac4#rd,2023-05-28T07:00:10
1645,7617daab4429493eb383dc1f64817a9e,来了，成电早新闻（2023.5.27）,http://mp.weixin.qq.com/s?__biz=MzIyMzgxMTI0Ng==&mid=2247536857&idx=1&sn=4b89687e8101908cdef828f857b0b822&chksm=e81a9318df6d1a0e91a46b2f0741812d8fdb1c38d49a5b66a45efd000eaf482b52c61ef14c9a#rd,2023-05-27T07:00:10
1651,a0dacd101ab8410db9f783c370c85057,来了，成电早新闻（2023.5.26）,http://mp.weixin.qq.com/s?__biz=MzIyMzgxMTI0Ng==&mid=2247536791&idx=1&sn=dda6b18862927443da99cbc0644b9565&chksm=e81a9356df6d1a40cfda9017afb900e7d6ffcd1345100fff9d5fbedf339db920f542b828e34f#rd,2023-05-26T07:00:10
1661,801b93d8d80846c595081bf0dc9a6430,来了，成电早新闻（2023.5.25）,http://mp.weixin.qq.com/s?__biz=MzIyMzgxMTI0Ng==&mid=2247536722&idx=1&sn=08614535ac8794631a6d96c35b1a034a&chksm=e81a9393df6d1a85bcf72d965d693ef06572179deed4d7c4de4d2868b2423800d8d042cf548e#rd,2023-05-25T07:00:10
1672,719a4268891344c9a9afced4ba528ec6,来了，成电早新闻（2023.5.24）,http://mp.weixin.qq.com/s?__biz=MzIyMzgxMTI0Ng==&mid=2247536655&idx=1&sn=a99a655b0846e8c5db50c1b86a210ab1&chksm=e81a93cedf6d1ad8c6e9efa67bd781aa1df98ae1fe0b11f9142b5021a11c8d03f5e590fee875#rd,2023-05-24T07:00:10
1682,0947679d2bfb4abb9c83154ccbcaa58b,来了，成电早新闻（2023.5.23）,http://mp.weixin.qq.com/s?__biz=MzIyMzgxMTI0Ng==&mid=2247536579&idx=1&sn=fb25037b772f9504045d8eed7f8ae672&chksm=e81a8c02df6d05146d9905f2f12a41921d7c06a56c3878ed4bd214635004faa7fe1ffa79090b#rd,2023-05-23T07:00:00
1693,a4b6e255469345a5840c5930b2db9b74,来了，成电早新闻（2023.5.22）,http://mp.weixin.qq.com/s?__biz=MzIyMzgxMTI0Ng==&mid=2247536543&idx=1&sn=2c1097ad0aa3bae351e1424b0e4e0b2a&chksm=e81a8c5edf6d0548eb076d649c1158b5abe09a75ce1d879ae978985d2437e651d14237a1f49e#rd,2023-05-22T07:00:00
1702,8f7686a1ea584460a48f6df6749abbdf,来了，成电早新闻（2023.5.21）,http://mp.weixin.qq.com/s?__biz=MzIyMzgxMTI0Ng==&mid=2247536513&idx=1&sn=67503266989e186f85391b302cad6473&chksm=e81a8c40df6d05565179d730b269b9ccc8f53f8bab93fc56a67e1983f913c6990b6fb9181605#rd,2023-05-21T07:50:00
1705,4ac4c2183f7445ff86648f233ff2d2bd,来了，成电早新闻（2023.5.20）,http://mp.weixin.qq.com/s?__biz=MzIyMzgxMTI0Ng==&mid=2247536438&idx=1&sn=8d6ba5dd215c8a792b1cd44697f53e48&chksm=e81a8cf7df6d05e18655c5325968461761d30fc6b9665128030652b544cbede2b5f006e4179c#rd,2023-05-20T07:00:00
1712,9eff81088f0543b590c84ff6a93efb59,来了，成电早新闻（2023.5.19）,http://mp.weixin.qq.com/s?__biz=MzIyMzgxMTI0Ng==&mid=2247536378&idx=1&sn=b990dbec1e25e446993a177512abad04&chksm=e81a8d3bdf6d042dd269b647f8fb1e393f004dbea74f69d41363f9abb093c141b0951a80b434#rd,2023-05-19T07:00:00
1720,39e7e57fb7c34770b1a0b514ca4b9c5e,来了，成电早新闻（2023.5.18）,http://mp.weixin.qq.com/s?__biz=MzIyMzgxMTI0Ng==&mid=2247536330&idx=1&sn=78b326b4d2288db9f203ab088e316ba7&chksm=e81a8d0bdf6d041d7a631727b5493aee02fe1cb353986cd59bfe13ee9f1551303db86b0be9d2#rd,2023-05-18T07:00:00
1727,c5790d937d4a497f83606a279ed9757c,来了，成电早新闻（2023.5.17）,http://mp.weixin.qq.com/s?__biz=MzIyMzgxMTI0Ng==&mid=2247536243&idx=1&sn=0820e5101e51eeb494c515a3f16bea0e&chksm=e81a8db2df6d04a4c5a4ff86292ae3b381c3b3b8d4517ef506e1b6caa736f568d89b55621be1#rd,2023-05-17T07:00:00
1737,8fb3dc2f527144c6b4c8973af4601ab3,来了，成电早新闻（2023.5.16）,http://mp.weixin.qq.com/s?__biz=MzIyMzgxMTI0Ng==&mid=2247536210&idx=1&sn=ea2b68dc911e2ab4cc07ec7631db09bc&chksm=e81a8d93df6d0485a9c901f0e7bd2834c5f2b316cf631dd1ed247bff899dc7738638aaf8951b#rd,2023-05-16T07:00:00
1744,3d28446e42ae4c8888c5fbc54474ee1f,来了，成电早新闻（2023.5.15）,http://mp.weixin.qq.com/s?__biz=MzIyMzgxMTI0Ng==&mid=2247536178&idx=1&sn=3f0121cd0adb4ce3de57adb09762aaa8&chksm=e81a8df3df6d04e5424085515e2e76f38b56d0c7cb288dd99836ece6c2235c01602474e8171d#rd,2023-05-15T07:00:00
1750,ba7afc64120c4adbb3a2ec1bd17e0900,来了，成电早新闻（2023.5.14）,http://mp.weixin.qq.com/s?__biz=MzIyMzgxMTI0Ng==&mid=2247536135&idx=1&sn=b42d670ed2b057df0eca6e3e0bef6671&chksm=e81a8dc6df6d04d0283174c4a1053095805b90108cd49dc76db77aea33bcd9f552203c80f92b#rd,2023-05-14T07:00:00
1751,d25a8c241da94217871acf759928e972,来了，成电早新闻（2023.5.13）,http://mp.weixin.qq.com/s?__biz=MzIyMzgxMTI0Ng==&mid=2247536097&idx=1&sn=4b27ac8bf416a4f7cb1ac60b52142810&chksm=e81a8e20df6d073698d56434f64078146880e29b7453f562826b6cd70649a1b3af5db45e99b2#rd,2023-05-13T07:00:00
1760,90c324bf32f64274a5ff7f6e06cfc0ef,来了，成电早新闻（2023.5.12）,http://mp.weixin.qq.com/s?__biz=MzIyMzgxMTI0Ng==&mid=2247536037&idx=1&sn=3a586b2c6f35e86dd899f47c23ee751d&chksm=e81a8e64df6d0772a87d7fd9b32c09e5e1ad42c6196fb44ee41992f152d04a9fcfd0ad0511d7#rd,2023-05-12T07:00:00
1770,d63299a5ee53499a830679908bbaefd5,来了，成电早新闻（2023.5.11）,http://mp.weixin.qq.com/s?__biz=MzIyMzgxMTI0Ng==&mid=2247535945&idx=1&sn=4edb6078482174834a1c90414ba9023f&chksm=e81a8e88df6d079e5e17837b68bd84d92bf27fd991918b009eb055f3f8840b993b1ad97ce895#rd,2023-05-11T07:00:00
1782,fe35ef57c0314a988e7c7b76c2916ad2,来了，成电早新闻（2023.5.10）,http://mp.weixin.qq.com/s?__biz=MzIyMzgxMTI0Ng==&mid=2247535906&idx=1&sn=50b0ee026ae7e730f7f50972cb0c2058&chksm=e81a8ee3df6d07f5ceafb9d34650fb2c6b973936fcd6165d9a4e3569be2d77c4bf9270458c3f#rd,2023-05-10T07:00:00
1792,158115848b234afaa29a7714928d2773,来了，成电早新闻（2023.5.9）,http://mp.weixin.qq.com/s?__biz=MzIyMzgxMTI0Ng==&mid=2247535860&idx=1&sn=3aace831cf745af47dc47214b407fd55&chksm=e81a8f35df6d062335b01aea42b679ea73cb58ed3a3671bc735e84cce6a98e44d06da3f706e0#rd,2023-05-09T07:00:00
1802,390e880241ac4315b60b9de10c91416c,来了，成电早新闻（2023.5.8）,http://mp.weixin.qq.com/s?__biz=MzIyMzgxMTI0Ng==&mid=2247535819&idx=1&sn=1ad3d2402ddd16f1eefbb2a295a2a92f&chksm=e81a8f0adf6d061c2efe014723cf6811727c6d96713f7a630ed7556159ad494e3c4ebad316b7#rd,2023-05-08T07:00:00
1805,2a89d26896fb47238c30bbb1b488c90c,来了，成电早新闻（2023.5.7）,http://mp.weixin.qq.com/s?__biz=MzIyMzgxMTI0Ng==&mid=2247535735&idx=1&sn=fead8f11f4af9e90bdf55311a71f1bed&chksm=e81a8fb6df6d06a0e7d464cf8e857967f5dd1687798da5c0677494f1f73cde66918db7c4ecaa#rd,2023-05-07T07:00:00
1812,d8366dc58a2c44edb0d6b3c0e68603a1,来了，成电早新闻（2023.5.6）,http://mp.weixin.qq.com/s?__biz=MzIyMzgxMTI0Ng==&mid=2247535700&idx=1&sn=9bffad3bd7adb9e6217f337c15da6f9a&chksm=e81a8f95df6d06831c54d35fa9f92b2a721826eb1296f80753c9976a7bafa7de8a178a44549f#rd,2023-05-06T07:00:00
1827,6004f367679e46c4adae9d71d9bd290b,来了，成电早新闻（2023.5.5）,http://mp.weixin.qq.com/s?__biz=MzIyMzgxMTI0Ng==&mid=2247535659&idx=1&sn=131dd2fa45b874ebc624beb3b107ae5d&chksm=e81a8feadf6d06fc821cce145fd30c3ded32cc2c10888f464aa3c84a2b2e72e2a95e8beb3d30#rd,2023-05-05T07:00:00
1833,ee619d7b7f8f4d2d8e98f3331a817b88,来了，成电早新闻（2023.5.4）,http://mp.weixin.qq.com/s?__biz=MzIyMzgxMTI0Ng==&mid=2247535614&idx=1&sn=2c09c8ae83e0e37f65f7f1590d0befb7&chksm=e81a883fdf6d01295561b051459b7daa4d913156a603315f4d4318adb00f03e67b29a142751d#rd,2023-05-04T15:06:02
1844,566ab502d9514296bff3996d00353a97,来了，成电早新闻（2023.5.3）,http://mp.weixin.qq.com/s?__biz=MzIyMzgxMTI0Ng==&mid=2247535595&idx=1&sn=8f994ce17bea1a3bb24041c4408cd6b4&chksm=e81a882adf6d013cde5115af7d8da3049f214661de1cf070af3770241c2c69a9ef914d8535fc#rd,2023-05-02T23:00:00
1849,44ccb82723034e50a07a67beeff32bff,来了，成电早新闻（2023.5.2）,http://mp.weixin.qq.com/s?__biz=MzIyMzgxMTI0Ng==&mid=2247535557&idx=1&sn=d4bb7163f595b171a15654895c7313eb&chksm=e81a8804df6d011272ede83bab32ebb4839cbbbe1ad51d8636a25c862ec5b03b70582398461b#rd,2023-05-01T23:00:00
1852,d12ca2459f1c4f4eabcbe9bbd0d16c90,来了，成电早新闻（2023.5.1）,http://mp.weixin.qq.com/s?__biz=MzIyMzgxMTI0Ng==&mid=2247535511&idx=1&sn=09d33e50088f1ef56dc0b5809727d3dc&chksm=e81a8856df6d0140c80188a7ed449b3cabf8d23659addcb918e1ad5b4003f01936357322caf1#rd,2023-04-30T23:00:00
1856,c24e92b781064854b9bdb06e44d871de,来了，成电早新闻（2023.4.30）,http://mp.weixin.qq.com/s?__biz=MzIyMzgxMTI0Ng==&mid=2247535454&idx=1&sn=4260e3d31c185681357c44972168c942&chksm=e81a889fdf6d01897ef321c71f6629a0df9ec079490208a003ecb3d03b256ffb6549fbebc950#rd,2023-04-29T23:00:00
1860,8dedeb365adf41959507c5d8f08729d7,来了，成电早新闻（2023.4.29）,http://mp.weixin.qq.com/s?__biz=MzIyMzgxMTI0Ng==&mid=2247535394&idx=1&sn=10e98f6bb06045ec1522e1934c2e9e49&chksm=e81a88e3df6d01f571ab912e1e04b5567977c174da54c803a93281e5a39305174551c4eb1560#rd,2023-04-29T14:59:18
1863,bb1dfe8cd4f146e1aad85cb94b77bd6e,来了，成电早新闻（2023.4.28）,http://mp.weixin.qq.com/s?__biz=MzIyMzgxMTI0Ng==&mid=2247535289&idx=1&sn=286ddc8e919e8f094145587288a303b5&chksm=e81a8978df6d006eb30f6d655cec6749b895a1a7ec6e35427eac6c709aee06446d1d39e90a05#rd,2023-04-28T16:14:13
1880,fb7602d27d5b4ea1800530952e50cb3b,来了，成电早新闻（2023.4.27）,http://mp.weixin.qq.com/s?__biz=MzIyMzgxMTI0Ng==&mid=2247535240&idx=1&sn=e878afdb453bc39c08b750925b17573c&chksm=e81a8949df6d005f8e6bb24b4e3bef9f5fa9ddd0add9d6388910e5538c33b3ac7a1f3250b202#rd,2023-04-27T14:51:27
1891,7f64ed8b904d48f5a00cf43305af2677,来了，成电早新闻（2023.4.26）,http://mp.weixin.qq.com/s?__biz=MzIyMzgxMTI0Ng==&mid=2247535197&idx=1&sn=51ae38e4a42f77b3baefeaa2ef8e5c3b&chksm=e81a899cdf6d008ae74559387e74497fd03f5535772b4940900fabab4c75ca839c4a8a602177#rd,2023-04-26T14:41:35
1901,d4d77f467d084343a0329248dc27f028,来了，成电早新闻（2023.4.24）,http://mp.weixin.qq.com/s?__biz=MzIyMzgxMTI0Ng==&mid=2247535044&idx=1&sn=952c3d5e57e22aa793ab3287ee834168&chksm=e81a8a05df6d0313a6c14a267e39fc36347968f71198b311fcab9c5cbfb6f6e1eb5d0c670f3b#rd,2023-04-24T14:42:01
1906,6e32972c55cd458b91cac4ea62dbf2aa,来了，成电早新闻（2023.4.23）,http://mp.weixin.qq.com/s?__biz=MzIyMzgxMTI0Ng==&mid=2247535017&idx=1&sn=f253cd7615d4eb632b9f6b74ccb93041&chksm=e81a8a68df6d037ec308a63c4bd299a1fef704e411496739d2927a3abffd54bf2a380b33e4c5#rd,2023-04-23T15:28:05
1916,5ab64bcbdcb1410e9d95879bed00c9c0,来了，成电早新闻（2023.4.22）,http://mp.weixin.qq.com/s?__biz=MzIyMzgxMTI0Ng==&mid=2247534992&idx=1&sn=77e8a4f2d65d754d6c6050df81069695&chksm=e81a8a51df6d0347adc42bf36553f58a27d4440f3505ca2c98adb1d3aec3813d882121923050#rd,2023-04-22T14:53:55
1918,655c55806f8d47db908b2fd009c2440b,来了，成电早新闻（2023.4.21）,http://mp.weixin.qq.com/s?__biz=MzIyMzgxMTI0Ng==&mid=2247534950&idx=1&sn=bac55b7c8dea061deb0ff49ce3fdafa5&chksm=e81a8aa7df6d03b1ecf949753be3f2bfad5d5d45d7cdbd3e3c99aa4c39ba1b7665ab13c2c877#rd,2023-04-21T15:19:27
1929,5548e2d936a84b058f0bd2791af384a5,来了，成电早新闻（2023.4.20）,http://mp.weixin.qq.com/s?__biz=MzIyMzgxMTI0Ng==&mid=2247534902&idx=1&sn=fe793753591e20250457bad91796c14c&chksm=e81a8af7df6d03e1740567b86b2aef2437f52224783a84124240975fa2e9a04837c504a6ddbf#rd,2023-04-20T15:26:17
1936,525f09c6c83f490a8bbcc009ac2421a2,来了，成电早新闻（2023.4.19）,http://mp.weixin.qq.com/s?__biz=MzIyMzgxMTI0Ng==&mid=2247534863&idx=1&sn=66ed612d404eda197b54a4f7fd636cf7&chksm=e81a8acedf6d03d89fc9ba279a038e31f9781673687942bf5022a16ca0788bd9e6900baec60d#rd,2023-04-19T15:11:50
1947,5f95619fed084834a01fc949ea851257,来了，成电早新闻（2023.4.18）,http://mp.weixin.qq.com/s?__biz=MzIyMzgxMTI0Ng==&mid=2247534828&idx=1&sn=322313a794435ece6f79fb6eb62534e9&chksm=e81a8b2ddf6d023b250e534d1f37276f493dfb6625976e9843f6e9eae7f3fbb6b697625b188c#rd,2023-04-18T16:11:43
1956,39501262e5e648e6b4fa2e258dd6597c,来了，成电早新闻（2023.4.17）,http://mp.weixin.qq.com/s?__biz=MzIyMzgxMTI0Ng==&mid=2247534803&idx=1&sn=16792caff1ff494b15010e832711c53f&chksm=e81a8b12df6d020433bf08d10f128ea93e0228540e9460433e1986b95b04efbcc32ddddd1698#rd,2023-04-17T14:01:04
1976,39501262e5e648e6b4fa2e258dd6597a,来了，成电早新闻（2023.4.16）,https://mp.weixin.qq.com/s/wqb7vZaq9xbVYc9adQ339g,2023-04-16T07:00:00
1979,39501262e5fsd3546b4fa2e258dd6597a,来了，成电早新闻（2023.4.15）,https://mp.weixin.qq.com/s/yaEuZ_bQ8q_86Vw0ep78Kw,2023-04-15T07:00:00
1985,39501231233412feab4fa2e258dd6597a,来了，成电早新闻（2023.4.14）,https://mp.weixin.qq.com/s/1rDn5rJSXMEfFHAqiQN28A,2023-04-14T07:00:00
1991,c24e92b781064854b9bdb06e44d231de,来了，成电早新闻（2023.4.13）,https://mp.weixin.qq.com/s/V4H75x0UWoLe0QKIa9TDVQ,2023-04-13T07:00:00
2004,c24e92bfsdfsdfsdf12306e44d871de,来了，成电早新闻（2023.4.12）,https://mp.weixin.qq.com/s/iSnD4qlZ5vqZrJ01edyEow,2023-04-12T07:00:00
2013,c24e923123455sdf12306e44d871de,来了，成电早新闻（2023.4.11）,https://mp.weixin.qq.com/s/hNnC6lgnhAC63vZBkqvg5Q,2023-04-11T07:00:00
2018,c24e92312sfa2342306e44d871de,来了，成电早新闻（2023.4.10）,https://mp.weixin.qq.com/s/mfuby0PFPfd7Cvs0q4GUGg,2023-04-10T07:00:00
2030,c24efsdfsfda2342306e44d871de,来了，成电早新闻（2023.4.9）,https://mp.weixin.qq.com/s/skFSjXDSQDhKP_0xp4qxSg,2023-04-09T07:00:00
2031,c242315ddag2352306e44d871de,来了，成电早新闻（2023.4.8）,https://mp.weixin.qq.com/s/l388S8h8xNonWaqJn4RfcA,2023-04-08T07:00:00
2034,c2fasdfasdfag2352306e44d871de,来了，成电早新闻（2023.4.7）,https://mp.weixin.qq.com/s/nfyfQ_0Z0CNg3NFQQUmDog,2023-04-07T07:00:00
2040,c2fasdfasfsdfa122306e44d871de,来了，成电早新闻（2023.4.6）,https://mp.weixin.qq.com/s/fiRqpNIDygjuZdD5x7LajA,2023-04-06T07:00:00
2046,c2fasdfasfsdfa12255356e44d871de,来了，成电早新闻（2023.4.5）,https://mp.weixin.qq.com/s/DBovnYwwH1oBjReYq8WovQ,2023-04-05T07:00:00
2051,c2fasdfas412fa12255356e44d871de,来了，成电早新闻（2023.4.4）,https://mp.weixin.qq.com/s/cBMrFRbJXz9Ckf4vqNckKQ,2023-04-04T07:00:00
2060,c2fasdfas412fa122735367e44d871de,来了，成电早新闻（2023.4.3）,https://mp.weixin.qq.com/s/6kMacNx8Y0-Ttq9unspPCA,2023-04-03T07:00:00
2068,c2fasdfas412fa522735367e44d823de,来了，成电早新闻（2023.4.2）,https://mp.weixin.qq.com/s/VEcZIaz17alJgdAv4aZn2w,2023-04-02T07:00:00
2072,c2fasdfas412fa5227sdfse44d823de,来了，成电早新闻（2023.4.1）,https://mp.weixin.qq.com/s/7o801sy5nnIPrGSa8h_vlQ,2023-04-01T07:00:00
2077,c3fasdfafasg3fa5227sdfse44d823de,来了，成电早新闻（2023.3.31）,https://mp.weixin.qq.com/s/FK6x0QfSb_H-OEXa8Dc9Og,2023-03-31T07:00:00
2082,c3fasdfafasg3fa5227sdf6207d823de,来了，成电早新闻（2023.3.30）,https://mp.weixin.qq.com/s/K-rS65HhFpsFSKSmtWvh_g,2023-03-30T07:00:00
2089,c3fasdfafasg3fa5227sdsdf7d823de,来了，成电早新闻（2023.3.29）,https://mp.weixin.qq.com/s/G5z-GKBIaE9lpBgOU_3WEg,2023-03-29T07:00:00
2098,c3fasdfafasg3fa5227sfgh7d823de,来了，成电早新闻（2023.3.28）,https://mp.weixin.qq.com/s/EAhlXd4ek6Gmy0BL1OKN2A,2023-03-28T07:00:00
2102,c3fasdfafasg3sdg3227sfgh7d823de,来了，成电早新闻（2023.3.27）,https://mp.weixin.qq.com/s/88c8KO76_39XPUjkw-d9Ww,2023-03-27T07:00:00
2111,c3fasdfafasg3sdgas6sfgh7d823de,来了，成电早新闻（2023.3.26）,https://mp.weixin.qq.com/s/IdZisZQmlBGV06xuOm3-qg,2023-03-26T07:00:00
2112,c3fasdfafasg3sgasg3226sfgh7d823de,来了，成电早新闻（2023.3.25）,https://mp.weixin.qq.com/s/xVL-XdKj3sl1cV5fgfkiEQ,2023-03-25T07:00:00
2117,c3fasdfafasg3sgas15466sfgh7d823de,来了，成电早新闻（2023.3.24）,https://mp.weixin.qq.com/s/-XMAD0fWzXps3crgHaxoLQ,2023-03-24T07:00:00
2126,c3fasdfafasg3sgas154663fgh7d823de,来了，成电早新闻（2023.3.23）,https://mp.weixin.qq.com/s/tivT7nAALruxq06-_Qm6mQ,2023-03-23T07:00:00
2135,c3fasdfafasg3sgas315663fgh7d823de,来了，成电早新闻（2023.3.22）,https://mp.weixin.qq.com/s/JA8zlWmvtu8BvDPduUy51w,2023-03-22T07:00:00
2145,c3fasdfafasg3sgas315663f147d823de,来了，成电早新闻（2023.3.21）,https://mp.weixin.qq.com/s/ElzSCUAWXFRZBJjzPpZrNQ,2023-03-21T07:00:00
2152,c3fasdfafas1241egrer63f147d823de,来了，成电早新闻（2023.3.20）,https://mp.weixin.qq.com/s/_EJJ89_Cf7UbyiVZsPki-Q,2023-03-20T07:00:00
2158,c3fasdfafas1241egrer619147d823de,来了，成电早新闻（2023.3.19）,https://mp.weixin.qq.com/s/oBYZB0_GOFyIi84EWPD6Zg,2023-03-19T07:00:00
2161,c3fasdfafasfg21egrer619147d823de,来了，成电早新闻（2023.3.18）,https://mp.weixin.qq.com/s/uaxYHtwobC2J1PtwwrY-yg,2023-03-18T07:00:00
2165,c3fasdfafasfgasdf12fg129147d823de,来了，成电早新闻（2023.3.17）,https://mp.weixin.qq.com/s/PE_9ijFrKpqfvh6cR9D9fQ,2023-03-17T07:00:00
2173,c3fasdfafasfgasdf12f16a9147d823de,来了，成电早新闻（2023.3.16）,https://mp.weixin.qq.com/s/8XO8QPqzaTylEpabVxKtpg,2023-03-16T07:00:00
2177,c3fasdfafasfg122f12f15a9147d823de,来了，成电早新闻（2023.3.15）,https://mp.weixin.qq.com/s/rsxK0Liivy0QNxTuXmZgDQ,2023-03-15T07:00:00
2187,c3fasdfa313fasgasgd112f15a9147d823de,来了，成电早新闻（2023.3.14）,https://mp.weixin.qq.com/s/Aa0mYDcOKBU4QxA1q3Q4bg,2023-03-14T07:00:00
2196,c3fasdfa313sdfgd112f15a9147d823de,来了，成电早新闻（2023.3.13）,https://mp.weixin.qq.com/s/j2pdfUFLnNWbgNx_UqL2lA,2023-03-13T07:00:00
2203,c3fasdfa313sdfgd1123145a9147d823de,来了，成电早新闻（2023.3.12）,https://mp.weixin.qq.com/s/qdv4iOY7aNAJWN8ZLdUAxg,2023-03-12T07:00:00
2204,c3fasdfa313sdfgd1fsdd3145a9147d823de,来了，成电早新闻（2023.3.11）,https://mp.weixin.qq.com/s/4NmfvC-dnvmCS7wqbu__9g,2023-03-11T07:00:00
2211,c3fasdfa31sdfgsftd3145a9147d823de,来了，成电早新闻（2023.3.10）,https://mp.weixin.qq.com/s/kfxPdeonbeHo90ZrfBazAA,2023-03-10T07:00:00
2217,c3fasdfa31sdfsa23145a9147d823de,来了，成电早新闻（2023.3.9）,https://mp.weixin.qq.com/s/lKtaK1ZV1LSS2mEqIaxn8Q,2023-03-09T07:00:00
2223,c3fasdfa31s245sa23145a9147d823de,来了，成电早新闻（2023.3.8）,https://mp.weixin.qq.com/s/wBgdVQohTGsemeuCtrN2lw,2023-03-08T07:00:00
2236,c3fasdfa31s245g3123a9147d823de,来了，成电早新闻（2023.3.7）,https://mp.weixin.qq.com/s/sNHcS9d0P6JcsDSMiwdmcA,2023-03-07T07:00:00
2248,c3fasdfa31s245g3as23a6147d823de,来了，成电早新闻（2023.3.6）,https://mp.weixin.qq.com/s/qtzA4OFXGHJVWzeha85HyA,2023-03-06T07:00:00
2256,c3fasdfa31s2dsg3as23a6147d823de,来了，成电早新闻（2023.3.5）,https://mp.weixin.qq.com/s/mlbcwuH16ScVgtwEUcYsog,2023-03-05T07:00:00
2259,c3fasdfa31s2dsg3as23sdf1d823de,来了，成电早新闻（2023.3.4）,https://mp.weixin.qq.com/s/gGPJtbRjq8J-VssXI2G3ww,2023-03-04T07:00:00
2262,c3fasdfa31s2dsg3as33sdf1d823de,来了，成电早新闻（2023.3.3）,https://mp.weixin.qq.com/s/TDy61wG2s3e7g2kfMJ6aTw,2023-03-03T07:00:00
2269,c3fasdfa31s2dsg3a213sdf1d823de,来了，成电早新闻（2023.3.2）,https://mp.weixin.qq.com/s/VNLTH_BWSCXZuOCzPLspvg,2023-03-02T07:00:00
2277,c3fasdfa312dsg3a213sdf1d823de,来了，成电早新闻（2023.3.1）,https://mp.weixin.qq.com/s/ACT16GdPFckPjvhZ_sF4pg,2023-03-01T07:00:00
2284,c3fasdfa31asd1g3a213sdf1d823de,来了，成电早新闻（2023.2.28）,https://mp.weixin.qq.com/s/x77BIB6QPeSYlrT6SnE_2g,2023-02-28T07:00:00
2290,c3fasdfa31asd1g3a2fssdf1d823de,来了，成电早新闻（2023.2.27）,https://mp.weixin.qq.com/s/W7LfhWGekZH3RET2c326vQ,2023-02-27T07:00:00
2295,c3fasdfa31asd1g3sad3d823de,来了，成电早新闻（2023.2.26）,https://mp.weixin.qq.com/s/noCvZQ82hsbMB1wm5qRUGQ,2023-02-26T07:00:00
2297,c3fasdfa31a5sd1g3sad3d823de,来了，成电早新闻（2023.2.25）,https://mp.weixin.qq.com/s/Up75AMZ8RRKURhDCIRRLkQ,2023-02-25T07:00:00
2303,c3fasdfa31a5sd1g3sad34123de,来了，成电早新闻（2023.2.24）,https://mp.weixin.qq.com/s/uFOHWdPPnyxAdzUzUBC7hQ,2023-02-24T07:00:00
2308,c3fasdfa31345sd1g3sad34123de,来了，成电早新闻（2023.2.23）,https://mp.weixin.qq.com/s/d38WuWLMDOrNJ7DogDk9Qg,2023-02-23T07:00:00
2312,c3fasdfa313945sd1g3sa5d34123de,来了，成电早新闻（2023.2.22）,https://mp.weixin.qq.com/s/2sSSYBb9eQX8O-_LkulClQ,2023-02-22T07:00:00
2319,c3fasdfa3d13945sd1g3sa5d34123de,来了，成电早新闻（2023.2.21）,https://mp.weixin.qq.com/s/haC8yzIz3nUQL5Jsm5mviA,2023-02-21T07:00:00
2322,c3fasdfa3df1245ssd1g3sa5d34123de,来了，成电早新闻（2023.2.20）,https://mp.weixin.qq.com/s/NbKGkxyNRW0hGVO-VlCvcg,2023-02-20T07:00:00
2325,c3fasdfa3df1245sdfssd1g3sa5d34123de,来了，成电早新闻（2023.2.19）,https://mp.weixin.qq.com/s/UTDM4lv3INAnfsK4Kk6Chw,2023-02-19T07:00:00
2327,c3fasdfa3dfhwjp5sdfssd1g3sa5d34123de,来了，成电早新闻（2023.2.18）,https://mp.weixin.qq.com/s/fjVPPeOXvE_z0VExe4gHBw,2023-02-18T07:00:00
2331,c3fasdfa3dfhwjp135rgsd1g3sa5d34123de,来了，成电早新闻（2023.2.17）,https://mp.weixin.qq.com/s/69_7zYeBj_Jav8fNbFP29g,2023-02-17T07:00:00
2334,c3fasdfa3dfh1335rgsd1g3sa5d34123de,来了，成电早新闻（2023.2.16）,https://mp.weixin.qq.com/s/FCPNJN-1gTVpi0A3R0z3uQ,2023-02-16T07:00:00
2340,c3fasdfa3dfh1335sad2g45d34123de,来了，成电早新闻（2023.2.15）,https://mp.weixin.qq.com/s/5o3x8WqjoCXK-JJzD-xf_w,2023-02-15T07:00:00
2343,c3fasdfa3dfh1sd5sad2g45d34123de,来了，成电早新闻（2023.2.14）,https://mp.weixin.qq.com/s/U_flucRjX9JjEzIsSqpohQ,2023-02-14T07:00:00
2346,c3fasdfa3dfh1sd5s3ad2g45d34123de,来了，成电早新闻（2023.2.13）,https://mp.weixin.qq.com/s/r8ayYgZqPteLcc3VTKXacg,2023-02-13T07:00:00
2347,c3fasdfa3df234ha2ad2g45d34123de,来了，成电早新闻（2023.2.12）,https://mp.weixin.qq.com/s/rn5SsH9lU8sMu8Ap6KCnYw,2023-02-12T07:00:00
2348,c3fasdfa3df234ha2sdfa12d34123de,来了，成电早新闻（2023.2.11）,https://mp.weixin.qq.com/s/2w5RmQFAGQIsQjlQDNAc-Q,2023-02-11T07:00:00
2351,c3fasdfa3df234ha2sdd2a12d34123de,来了，成电早新闻（2023.2.10）,https://mp.weixin.qq.com/s/YxCQ3FJDjLcMDgBX1y26TQ,2023-02-10T07:00:00
2352,c3fasdfa3df234h1a2sdd2a12d34123de,来了，成电早新闻（2023.2.9）,https://mp.weixin.qq.com/s/ZnW7nCInJvv3-TadnfIDWA,2023-02-09T07:00:00
2355,c3fasdfa3df234h1puit12d34123de,来了，成电早新闻（2023.2.8）,https://mp.weixin.qq.com/s/oPVtv9H7njcMfcp72Oj_GA,2023-02-08T07:00:00
2358,c3fasdfa3df234h1puit14512d34123de,来了，成电早新闻（2023.2.7）,https://mp.weixin.qq.com/s/sNP7YlEJcMWJtoyUlrXl1w,2023-02-07T07:00:00
2362,c3fasdfa3df234h1p6uit14512d34123de,来了，成电早新闻（2023.2.6）,https://mp.weixin.qq.com/s/jHaE_mg782aB14v5awnOQw,2023-02-06T07:00:00
2364,c3fadsdfa3df234hg1p6uit14512d34123de,来了，成电早新闻（2023.2.5）,https://mp.weixin.qq.com/s/j9cK062-q0B1eL2yAbEpzg,2023-02-05T07:00:00
2367,c3fadsdfa3df234sdunuit14512d34123de,来了，成电早新闻（2023.2.4）,https://mp.weixin.qq.com/s/UyVAgGdM9ZujaH5SzZIc2w,2023-02-04T07:00:00
2369,c3fadsdfa3df234sdu3nuit14512d34123de,来了，成电早新闻（2023.2.3）,https://mp.weixin.qq.com/s/Vlk2NeRJdpDeLRPdvULklw,2023-02-03T07:00:00
2370,c3fadbsdfa3d4sdu3nuit14512d34123de,来了，成电早新闻（2023.2.2）,https://mp.weixin.qq.com/s/-mQoY8YkQzxh69y4elnXPA,2023-02-02T07:00:00
2372,c3fadbsdfa3d4sdu13nuit145nb123de,来了，成电早新闻（2023.2.1）,https://mp.weixin.qq.com/s/TtJ-yJxMZcaJguAANnE4LA,2023-02-01T07:00:00
2374,c2f312bb3bscdu13nuit145nb123de,来了，成电早新闻（2023.1.31）,https://mp.weixin.qq.com/s/vsZri7D2z8YLgAXG3rs21g,2023-01-31T07:00:00
2376,c2f312bb32bscfs1it145nb123de,来了，成电早新闻（2023.1.30）,https://mp.weixin.qq.com/s/UZFcNi_Vn3NHb9pwrHNLcg,2023-01-30T07:00:00
2377,c2f312bb32bscfs1it12945nb123de,来了，成电早新闻（2023.1.29）,https://mp.weixin.qq.com/s/pDucXBTkk-qq_i1okGmKCA,2023-01-29T07:00:00
2378,c2f312bb32bscfs1it1285nb123de,来了，成电早新闻（2023.1.28）,https://mp.weixin.qq.com/s/bfKfRb7EseDIkaBdbbrDpQ,2023-01-28T07:00:00
2380,c2f312bb32bscfs1dift1285nb123de,来了，成电早新闻（2023.1.27）,https://mp.weixin.qq.com/s/HVXTTezvwbNOUY5wnVebeA,2023-01-27T07:00:00
2381,c2f312bb32b26sc26261285nb123de,来了，成电早新闻（2023.1.26）,https://mp.weixin.qq.com/s/OGtP_ne-WfizQFoWJqHUHw,2023-01-26T07:00:00
2382,c2f312bb32b26dgc26261285nb123de,来了，成电早新闻（2023.1.25）,https://mp.weixin.qq.com/s/JQv4NiXki9lvn6TIW3Uo-A,2023-01-25T07:00:00
2383,c2f312bb32b26nbm561285nb123de,来了，成电早新闻（2023.1.24）,https://mp.weixin.qq.com/s/6smCtqHQXF--I6UhN0IAMA,2023-01-24T07:00:00
2384,c2f312bb32b26nbm56f1285nb123de,来了，成电早新闻（2023.1.23）,https://mp.weixin.qq.com/s/_kdMe4bUpSwWqtUiCz4Y_g,2023-01-23T07:00:00
2385,c2f312bb32b26nbm56f1w285nb123de,来了，成电早新闻（2023.1.22）,https://mp.weixin.qq.com/s/QYFLo05pJqfG8Eigkqjy2A,2023-01-22T07:00:00
2386,c2f312bb32b26nbm56f1w242nb123de,来了，成电早新闻（2023.1.21）,https://mp.weixin.qq.com/s/5yZzFOOiT-MyzHKUB6CIUg,2023-01-21T07:00:00
2391,c2f312bb32b323cnbm56f1w242nb123de,来了，成电早新闻（2023.1.20）,https://mp.weixin.qq.com/s/giqwHXoJEd1nAFXqdG5Ckg,2023-01-20T07:00:00
2396,c2f312bb32b323cnbm5b6f1w242nb123de,来了，成电早新闻（2023.1.19）,https://mp.weixin.qq.com/s/nKXka7PUH7CtefDgiS94Dg,2023-01-19T07:00:00
2400,c2f312bb32b323cn49muh242nb123de,来了，成电早新闻（2023.1.18）,https://mp.weixin.qq.com/s/WvTWxZp3D4Dh_MWNta75zQ,2023-01-18T07:00:00
2403,c2f312b8b32b323cn49muh242n7b123de,来了，成电早新闻（2023.1.17）,https://mp.weixin.qq.com/s/Rs8HlnaZorfbm_Ni_S_deQ,2023-01-17T07:00:00
2406,c2f312b8b32b323c6n49muh242n7b123de,来了，成电早新闻（2023.1.16）,https://mp.weixin.qq.com/s/iT6DUB1voMjUXJvtGsnaSQ,2023-01-16T07:00:00
2409,c2f312b8b32549muh242n7b123de,来了，成电早新闻（2023.1.15）,https://mp.weixin.qq.com/s/a0jmRXgw1WwawSl0F4QSdg,2023-01-15T07:00:00
2411,c2f312b8b32549m1414242n7b143de,来了，成电早新闻（2023.1.14）,https://mp.weixin.qq.com/s/mjsgiy5s85awl_xPpWmBgA,2023-01-14T07:00:00
2413,c2f312b8b32549m14f14242n7133de,来了，成电早新闻（2023.1.13）,https://mp.weixin.qq.com/s/siy7KfZ0Jg2N8GWwoLN1PQ,2023-01-13T07:00:00
2432,c2f312b8b32549m14f314242n7133de,来了，成电早新闻（2023.1.12）,https://mp.weixin.qq.com/s/KLQlGsBg4Ih_pHLpiMzIMg,2023-01-12T07:00:00
2436,c2f312b8b32549m1df3142n7133de,来了，成电早新闻（2023.1.11）,https://mp.weixin.qq.com/s/QwHDh9bk0g_ifqGHm20zbg,2023-01-11T07:00:00
2441,c2f312b8b32549m1df3142n1010133de,来了，成电早新闻（2023.1.10）,https://mp.weixin.qq.com/s/1ZGwIIBoWqhgtheZp4mvUg,2023-01-10T07:00:00
2448,c2f312b8b32549m1df3091n101009133de,来了，成电早新闻（2023.1.9）,https://mp.weixin.qq.com/s/cN-i_CGZbwLEk39PkDVlPg,2023-01-09T07:00:00
2451,c2f312b8b32545df3091124n101009133de,来了，成电早新闻（2023.1.8）,https://mp.weixin.qq.com/s/4EpB_OwCuxP0bZ8JLhnTYg,2023-01-08T07:00:00
2455,c2f312b8sdff3091124n101009133de,来了，成电早新闻（2023.1.5）,https://mp.weixin.qq.com/s/68ykhx6bbRzVMfIdkpEHiw,2023-01-05T07:00:00
2460,c2f312b8sdff3091124nsdf101009133de,来了，成电早新闻（2023.1.4）,https://mp.weixin.qq.com/s/40h8yFJQmcMlMScPbqYNJQ,2023-01-04T07:00:00
2465,c2f312b8sdff3091124nsdf1d01009133de,来了，成电早新闻（2023.1.3）,https://mp.weixin.qq.com/s/_3drdc4mRJExQ-LV_Ml-1w,2023-01-03T07:00:00
2468,c2f312b8sdff33dg43sdf1d01009133de,来了，成电早新闻（2023.1.2）,https://mp.weixin.qq.com/s/OhFt0Qr5LnvAFVY0bPI7Ow,2023-01-02T07:00:00
2469,c2f312b8sdff33dg431s34db1009133de,来了，成电早新闻（2023.1.1）,https://mp.weixin.qq.com/s/-l12b_jFKrbm1iiVyYA8YA,2023-01-01T07:00:00
